Workbook

Sheet 🎯 QA Dashboard
B2: 🐞 SOFTWARE QUALITY ASSURANCE DASHBOARD
B4: ="Project: Phoenix Platform | Sprint 8 (Current) | Total Bugs: "&COUNTA('Bug Tracker'!A:A)-1&" | Open: "&COUNTIFS('Bug Tracker'!D:D,"Open")+COUNTIFS('Bug Tracker'!D:D,"In Progress")+COUNTIFS('Bug Tracker'!D:D,"Reopened")&" | Critical Open: "&COUNTIFS('Bug Tracker'!C:C,"Critical",'Bug Tracker'!D:D,"Open")+COUNTIFS('Bug Tracker'!C:C,"Critical",'Bug Tracker'!D:D,"In Progress")+COUNTIFS('Bug Tracker'!C:C,"Critical",'Bug Tracker'!D:D,"Reopened")&" | Report Date: "&TEXT(TODAY(),"mmmm d, yyyy") -> Project: Phoenix Platform | Sprint 8 (Current) | Total Bugs: 200 | Open: 56 | Critical Open: 1 | Report Date: May 23, 2026
B6: 🐛 | F6: 🔴 | J6: ✅ | N6: 💀 | R6: ⏱️ | V6: 🎯
B7: =COUNTA('Bug Tracker'!A:A)-1 -> 200 | F7: =COUNTIFS('Bug Tracker'!D:D,"Open")+COUNTIFS('Bug Tracker'!D:D,"In Progress")+COUNTIFS('Bug Tracker'!D:D,"Reopened") -> 56 | J7: =TEXT(AVERAGE('Test Runs'!F2:F9)/100,"0.0%") -> 79.6% | N7: =COUNTIFS('Bug Tracker'!C:C,"Critical",'Bug Tracker'!D:D,"Open")+COUNTIFS('Bug Tracker'!C:C,"Critical",'Bug Tracker'!D:D,"In Progress")+COUNTIFS('Bug Tracker'!C:C,"Critical",'Bug Tracker'!D:D,"Reopened") -> 1 | R7: {=ROUND(SUMPRODUCT(('Bug Tracker'!J2:J201)*(('Bug Tracker'!D2:D201="Open")+('Bug Tracker'!D2:D201="In Progress")+('Bug Tracker'!D2:D201="Reopened")))/SUMPRODUCT(--((('Bug Tracker'!D2:D201="Open")+('Bug Tracker'!D2:D201="In Progress")+('Bug Tracker'!D2:D201="Reopened"))>0)),1)} -> 129 | V7: =TEXT((COUNTIFS('Bug Tracker'!D:D,"Closed")+COUNTIFS('Bug Tracker'!D:D,"Fixed")+COUNTIFS('Bug Tracker'!D:D,"Verified"))/(COUNTA('Bug Tracker'!A:A)-1),"0.0%") -> 72.0%
B8: TOTAL BUGS | F8: OPEN BUGS (Status: Open, In Progress, Reopened) | J8: PASS RATE | N8: CRITICAL (Status: Open, In Progress, Reopened) | R8: AVG DAYS OPEN | V8: DRE
B9: All Sprints | F9: Need Attention | J9: All Sprints | N9: P0 Issues | R9: Days per Bug | V9: Defect Removal
B11: 📊 BUG SEVERITY DISTRIBUTION | L11: 📊 BUG STATUS OVERVIEW
B29: 📈 BUGS BY MODULE (TOP 10) | L29: 📈 SPRINT TEST EXECUTION
B48: 📉 MONTHLY BUG TREND | L48: 📉 DEFECT REMOVAL EFFICIENCY
B65: 📊 BUGS BY TEST TYPE | L65: 📊 BUGS BY ENVIRONMENT
B83: 🚨 TOP OPEN / CRITICAL BUGS — Immediate Action Required
B84: Bug ID | D84: Title | K84: Severity | M84: Status | O84: Module | Q84: Tester | S84: Sprint | U84: Days Open
B85: BUG-0033 | D85: =IF(B85="","",IFERROR(VLOOKUP(B85,'Bug Tracker'!$A:$L,2,FALSE),"Not Found")) -> [User Mgmt] 500 error | K85: =IF(B85="","",IFERROR(VLOOKUP(B85,'Bug Tracker'!$A:$L,3,FALSE),"")) -> High | M85: =IF(B85="","",IFERROR(VLOOKUP(B85,'Bug Tracker'!$A:$L,4,FALSE),"")) -> Open | O85: =IF(B85="","",IFERROR(VLOOKUP(B85,'Bug Tracker'!$A:$L,5,FALSE),"")) -> Search | Q85: =IF(B85="","",IFERROR(VLOOKUP(B85,'Bug Tracker'!$A:$L,6,FALSE),"")) -> Emma Johnson | S85: =IF(B85="","",IFERROR(VLOOKUP(B85,'Bug Tracker'!$A:$L,7,FALSE),"")) -> Sprint 7 | U85: =IF(B85="","",IFERROR(VLOOKUP(B85,'Bug Tracker'!$A:$L,10,FALSE),"")) -> 234
B86: BUG-0002 | D86: =IF(B86="","",IFERROR(VLOOKUP(B86,'Bug Tracker'!$A:$L,2,FALSE),"Not Found")) -> [Export] Memory leak | K86: =IF(B86="","",IFERROR(VLOOKUP(B86,'Bug Tracker'!$A:$L,3,FALSE),"")) -> Critical | M86: =IF(B86="","",IFERROR(VLOOKUP(B86,'Bug Tracker'!$A:$L,4,FALSE),"")) -> In Progress | O86: =IF(B86="","",IFERROR(VLOOKUP(B86,'Bug Tracker'!$A:$L,5,FALSE),"")) -> Export | Q86: =IF(B86="","",IFERROR(VLOOKUP(B86,'Bug Tracker'!$A:$L,6,FALSE),"")) -> Bob Martinez | S86: =IF(B86="","",IFERROR(VLOOKUP(B86,'Bug Tracker'!$A:$L,7,FALSE),"")) -> Sprint 7 | U86: =IF(B86="","",IFERROR(VLOOKUP(B86,'Bug Tracker'!$A:$L,10,FALSE),"")) -> 226
B87: BUG-0022 | D87: =IF(B87="","",IFERROR(VLOOKUP(B87,'Bug Tracker'!$A:$L,2,FALSE),"Not Found")) -> [Dashboard] Missing validation | K87: =IF(B87="","",IFERROR(VLOOKUP(B87,'Bug Tracker'!$A:$L,3,FALSE),"")) -> High | M87: =IF(B87="","",IFERROR(VLOOKUP(B87,'Bug Tracker'!$A:$L,4,FALSE),"")) -> In Progress | O87: =IF(B87="","",IFERROR(VLOOKUP(B87,'Bug Tracker'!$A:$L,5,FALSE),"")) -> Export | Q87: =IF(B87="","",IFERROR(VLOOKUP(B87,'Bug Tracker'!$A:$L,6,FALSE),"")) -> Alice Chen | S87: =IF(B87="","",IFERROR(VLOOKUP(B87,'Bug Tracker'!$A:$L,7,FALSE),"")) -> Sprint 1 | U87: =IF(B87="","",IFERROR(VLOOKUP(B87,'Bug Tracker'!$A:$L,10,FALSE),"")) -> 188
B88: BUG-0048 | D88: =IF(B88="","",IFERROR(VLOOKUP(B88,'Bug Tracker'!$A:$L,2,FALSE),"Not Found")) -> [Export] Missing validation | K88: =IF(B88="","",IFERROR(VLOOKUP(B88,'Bug Tracker'!$A:$L,3,FALSE),"")) -> High | M88: =IF(B88="","",IFERROR(VLOOKUP(B88,'Bug Tracker'!$A:$L,4,FALSE),"")) -> Reopened | O88: =IF(B88="","",IFERROR(VLOOKUP(B88,'Bug Tracker'!$A:$L,5,FALSE),"")) -> Export | Q88: =IF(B88="","",IFERROR(VLOOKUP(B88,'Bug Tracker'!$A:$L,6,FALSE),"")) -> Bob Martinez | S88: =IF(B88="","",IFERROR(VLOOKUP(B88,'Bug Tracker'!$A:$L,7,FALSE),"")) -> Sprint 2 | U88: =IF(B88="","",IFERROR(VLOOKUP(B88,'Bug Tracker'!$A:$L,10,FALSE),"")) -> 178
B89: BUG-0151 | D89: =IF(B89="","",IFERROR(VLOOKUP(B89,'Bug Tracker'!$A:$L,2,FALSE),"Not Found")) -> [Admin Panel] Broken link | K89: =IF(B89="","",IFERROR(VLOOKUP(B89,'Bug Tracker'!$A:$L,3,FALSE),"")) -> High | M89: =IF(B89="","",IFERROR(VLOOKUP(B89,'Bug Tracker'!$A:$L,4,FALSE),"")) -> Open | O89: =IF(B89="","",IFERROR(VLOOKUP(B89,'Bug Tracker'!$A:$L,5,FALSE),"")) -> Dashboard | Q89: =IF(B89="","",IFERROR(VLOOKUP(B89,'Bug Tracker'!$A:$L,6,FALSE),"")) -> Grace Patel | S89: =IF(B89="","",IFERROR(VLOOKUP(B89,'Bug Tracker'!$A:$L,7,FALSE),"")) -> Sprint 5 | U89: =IF(B89="","",IFERROR(VLOOKUP(B89,'Bug Tracker'!$A:$L,10,FALSE),"")) -> 169
B90: BUG-0069 | D90: =IF(B90="","",IFERROR(VLOOKUP(B90,'Bug Tracker'!$A:$L,2,FALSE),"Not Found")) -> [Payment] Crash on load | K90: =IF(B90="","",IFERROR(VLOOKUP(B90,'Bug Tracker'!$A:$L,3,FALSE),"")) -> High | M90: =IF(B90="","",IFERROR(VLOOKUP(B90,'Bug Tracker'!$A:$L,4,FALSE),"")) -> In Progress | O90: =IF(B90="","",IFERROR(VLOOKUP(B90,'Bug Tracker'!$A:$L,5,FALSE),"")) -> Export | Q90: =IF(B90="","",IFERROR(VLOOKUP(B90,'Bug Tracker'!$A:$L,6,FALSE),"")) -> Grace Patel | S90: =IF(B90="","",IFERROR(VLOOKUP(B90,'Bug Tracker'!$A:$L,7,FALSE),"")) -> Sprint 3 | U90: =IF(B90="","",IFERROR(VLOOKUP(B90,'Bug Tracker'!$A:$L,10,FALSE),"")) -> 165
B91: BUG-0025 | D91: =IF(B91="","",IFERROR(VLOOKUP(B91,'Bug Tracker'!$A:$L,2,FALSE),"Not Found")) -> [Export] NullPointerException | K91: =IF(B91="","",IFERROR(VLOOKUP(B91,'Bug Tracker'!$A:$L,3,FALSE),"")) -> High | M91: =IF(B91="","",IFERROR(VLOOKUP(B91,'Bug Tracker'!$A:$L,4,FALSE),"")) -> Open | O91: =IF(B91="","",IFERROR(VLOOKUP(B91,'Bug Tracker'!$A:$L,5,FALSE),"")) -> Reports | Q91: =IF(B91="","",IFERROR(VLOOKUP(B91,'Bug Tracker'!$A:$L,6,FALSE),"")) -> Alice Chen | S91: =IF(B91="","",IFERROR(VLOOKUP(B91,'Bug Tracker'!$A:$L,7,FALSE),"")) -> Sprint 1 | U91: =IF(B91="","",IFERROR(VLOOKUP(B91,'Bug Tracker'!$A:$L,10,FALSE),"")) -> 159
B92: BUG-0200 | D92: =IF(B92="","",IFERROR(VLOOKUP(B92,'Bug Tracker'!$A:$L,2,FALSE),"Not Found")) -> [Export] Broken link | K92: =IF(B92="","",IFERROR(VLOOKUP(B92,'Bug Tracker'!$A:$L,3,FALSE),"")) -> High | M92: =IF(B92="","",IFERROR(VLOOKUP(B92,'Bug Tracker'!$A:$L,4,FALSE),"")) -> Reopened | O92: =IF(B92="","",IFERROR(VLOOKUP(B92,'Bug Tracker'!$A:$L,5,FALSE),"")) -> API Gateway | Q92: =IF(B92="","",IFERROR(VLOOKUP(B92,'Bug Tracker'!$A:$L,6,FALSE),"")) -> Grace Patel | S92: =IF(B92="","",IFERROR(VLOOKUP(B92,'Bug Tracker'!$A:$L,7,FALSE),"")) -> Sprint 8 | U92: =IF(B92="","",IFERROR(VLOOKUP(B92,'Bug Tracker'!$A:$L,10,FALSE),"")) -> 149
B93: BUG-0058 | D93: =IF(B93="","",IFERROR(VLOOKUP(B93,'Bug Tracker'!$A:$L,2,FALSE),"Not Found")) -> [Login] NullPointerException | K93: =IF(B93="","",IFERROR(VLOOKUP(B93,'Bug Tracker'!$A:$L,3,FALSE),"")) -> High | M93: =IF(B93="","",IFERROR(VLOOKUP(B93,'Bug Tracker'!$A:$L,4,FALSE),"")) -> Open | O93: =IF(B93="","",IFERROR(VLOOKUP(B93,'Bug Tracker'!$A:$L,5,FALSE),"")) -> Payment | Q93: =IF(B93="","",IFERROR(VLOOKUP(B93,'Bug Tracker'!$A:$L,6,FALSE),"")) -> Grace Patel | S93: =IF(B93="","",IFERROR(VLOOKUP(B93,'Bug Tracker'!$A:$L,7,FALSE),"")) -> Sprint 1 | U93: =IF(B93="","",IFERROR(VLOOKUP(B93,'Bug Tracker'!$A:$L,10,FALSE),"")) -> 145
B94: BUG-0007 | D94: =IF(B94="","",IFERROR(VLOOKUP(B94,'Bug Tracker'!$A:$L,2,FALSE),"Not Found")) -> [Dashboard] Memory leak | K94: =IF(B94="","",IFERROR(VLOOKUP(B94,'Bug Tracker'!$A:$L,3,FALSE),"")) -> High | M94: =IF(B94="","",IFERROR(VLOOKUP(B94,'Bug Tracker'!$A:$L,4,FALSE),"")) -> In Progress | O94: =IF(B94="","",IFERROR(VLOOKUP(B94,'Bug Tracker'!$A:$L,5,FALSE),"")) -> API Gateway | Q94: =IF(B94="","",IFERROR(VLOOKUP(B94,'Bug Tracker'!$A:$L,6,FALSE),"")) -> Emma Johnson | S94: =IF(B94="","",IFERROR(VLOOKUP(B94,'Bug Tracker'!$A:$L,7,FALSE),"")) -> Sprint 4 | U94: =IF(B94="","",IFERROR(VLOOKUP(B94,'Bug Tracker'!$A:$L,10,FALSE),"")) -> 144
D95: =IF(B95="","",IFERROR(VLOOKUP(B95,'Bug Tracker'!$A:$L,2,FALSE),"Not Found")) | K95: =IF(B95="","",IFERROR(VLOOKUP(B95,'Bug Tracker'!$A:$L,3,FALSE),"")) | M95: =IF(B95="","",IFERROR(VLOOKUP(B95,'Bug Tracker'!$A:$L,4,FALSE),"")) | O95: =IF(B95="","",IFERROR(VLOOKUP(B95,'Bug Tracker'!$A:$L,5,FALSE),"")) | Q95: =IF(B95="","",IFERROR(VLOOKUP(B95,'Bug Tracker'!$A:$L,6,FALSE),"")) | S95: =IF(B95="","",IFERROR(VLOOKUP(B95,'Bug Tracker'!$A:$L,7,FALSE),"")) | U95: =IF(B95="","",IFERROR(VLOOKUP(B95,'Bug Tracker'!$A:$L,10,FALSE),""))
D96: =IF(B96="","",IFERROR(VLOOKUP(B96,'Bug Tracker'!$A:$L,2,FALSE),"Not Found")) | K96: =IF(B96="","",IFERROR(VLOOKUP(B96,'Bug Tracker'!$A:$L,3,FALSE),"")) | M96: =IF(B96="","",IFERROR(VLOOKUP(B96,'Bug Tracker'!$A:$L,4,FALSE),"")) | O96: =IF(B96="","",IFERROR(VLOOKUP(B96,'Bug Tracker'!$A:$L,5,FALSE),"")) | Q96: =IF(B96="","",IFERROR(VLOOKUP(B96,'Bug Tracker'!$A:$L,6,FALSE),"")) | S96: =IF(B96="","",IFERROR(VLOOKUP(B96,'Bug Tracker'!$A:$L,7,FALSE),"")) | U96: =IF(B96="","",IFERROR(VLOOKUP(B96,'Bug Tracker'!$A:$L,10,FALSE),""))
D97: =IF(B97="","",IFERROR(VLOOKUP(B97,'Bug Tracker'!$A:$L,2,FALSE),"Not Found")) | K97: =IF(B97="","",IFERROR(VLOOKUP(B97,'Bug Tracker'!$A:$L,3,FALSE),"")) | M97: =IF(B97="","",IFERROR(VLOOKUP(B97,'Bug Tracker'!$A:$L,4,FALSE),"")) | O97: =IF(B97="","",IFERROR(VLOOKUP(B97,'Bug Tracker'!$A:$L,5,FALSE),"")) | Q97: =IF(B97="","",IFERROR(VLOOKUP(B97,'Bug Tracker'!$A:$L,6,FALSE),"")) | S97: =IF(B97="","",IFERROR(VLOOKUP(B97,'Bug Tracker'!$A:$L,7,FALSE),"")) | U97: =IF(B97="","",IFERROR(VLOOKUP(B97,'Bug Tracker'!$A:$L,10,FALSE),""))
D98: =IF(B98="","",IFERROR(VLOOKUP(B98,'Bug Tracker'!$A:$L,2,FALSE),"Not Found")) | K98: =IF(B98="","",IFERROR(VLOOKUP(B98,'Bug Tracker'!$A:$L,3,FALSE),"")) | M98: =IF(B98="","",IFERROR(VLOOKUP(B98,'Bug Tracker'!$A:$L,4,FALSE),"")) | O98: =IF(B98="","",IFERROR(VLOOKUP(B98,'Bug Tracker'!$A:$L,5,FALSE),"")) | Q98: =IF(B98="","",IFERROR(VLOOKUP(B98,'Bug Tracker'!$A:$L,6,FALSE),"")) | S98: =IF(B98="","",IFERROR(VLOOKUP(B98,'Bug Tracker'!$A:$L,7,FALSE),"")) | U98: =IF(B98="","",IFERROR(VLOOKUP(B98,'Bug Tracker'!$A:$L,10,FALSE),""))
D99: =IF(B99="","",IFERROR(VLOOKUP(B99,'Bug Tracker'!$A:$L,2,FALSE),"Not Found")) | K99: =IF(B99="","",IFERROR(VLOOKUP(B99,'Bug Tracker'!$A:$L,3,FALSE),"")) | M99: =IF(B99="","",IFERROR(VLOOKUP(B99,'Bug Tracker'!$A:$L,4,FALSE),"")) | O99: =IF(B99="","",IFERROR(VLOOKUP(B99,'Bug Tracker'!$A:$L,5,FALSE),"")) | Q99: =IF(B99="","",IFERROR(VLOOKUP(B99,'Bug Tracker'!$A:$L,6,FALSE),"")) | S99: =IF(B99="","",IFERROR(VLOOKUP(B99,'Bug Tracker'!$A:$L,7,FALSE),"")) | U99: =IF(B99="","",IFERROR(VLOOKUP(B99,'Bug Tracker'!$A:$L,10,FALSE),""))
D100: =IF(B100="","",IFERROR(VLOOKUP(B100,'Bug Tracker'!$A:$L,2,FALSE),"Not Found")) | K100: =IF(B100="","",IFERROR(VLOOKUP(B100,'Bug Tracker'!$A:$L,3,FALSE),"")) | M100: =IF(B100="","",IFERROR(VLOOKUP(B100,'Bug Tracker'!$A:$L,4,FALSE),"")) | O100: =IF(B100="","",IFERROR(VLOOKUP(B100,'Bug Tracker'!$A:$L,5,FALSE),"")) | Q100: =IF(B100="","",IFERROR(VLOOKUP(B100,'Bug Tracker'!$A:$L,6,FALSE),"")) | S100: =IF(B100="","",IFERROR(VLOOKUP(B100,'Bug Tracker'!$A:$L,7,FALSE),"")) | U100: =IF(B100="","",IFERROR(VLOOKUP(B100,'Bug Tracker'!$A:$L,10,FALSE),""))
D101: =IF(B101="","",IFERROR(VLOOKUP(B101,'Bug Tracker'!$A:$L,2,FALSE),"Not Found")) | K101: =IF(B101="","",IFERROR(VLOOKUP(B101,'Bug Tracker'!$A:$L,3,FALSE),"")) | M101: =IF(B101="","",IFERROR(VLOOKUP(B101,'Bug Tracker'!$A:$L,4,FALSE),"")) | O101: =IF(B101="","",IFERROR(VLOOKUP(B101,'Bug Tracker'!$A:$L,5,FALSE),"")) | Q101: =IF(B101="","",IFERROR(VLOOKUP(B101,'Bug Tracker'!$A:$L,6,FALSE),"")) | S101: =IF(B101="","",IFERROR(VLOOKUP(B101,'Bug Tracker'!$A:$L,7,FALSE),"")) | U101: =IF(B101="","",IFERROR(VLOOKUP(B101,'Bug Tracker'!$A:$L,10,FALSE),""))
D102: =IF(B102="","",IFERROR(VLOOKUP(B102,'Bug Tracker'!$A:$L,2,FALSE),"Not Found")) | K102: =IF(B102="","",IFERROR(VLOOKUP(B102,'Bug Tracker'!$A:$L,3,FALSE),"")) | M102: =IF(B102="","",IFERROR(VLOOKUP(B102,'Bug Tracker'!$A:$L,4,FALSE),"")) | O102: =IF(B102="","",IFERROR(VLOOKUP(B102,'Bug Tracker'!$A:$L,5,FALSE),"")) | Q102: =IF(B102="","",IFERROR(VLOOKUP(B102,'Bug Tracker'!$A:$L,6,FALSE),"")) | S102: =IF(B102="","",IFERROR(VLOOKUP(B102,'Bug Tracker'!$A:$L,7,FALSE),"")) | U102: =IF(B102="","",IFERROR(VLOOKUP(B102,'Bug Tracker'!$A:$L,10,FALSE),""))
D103: =IF(B103="","",IFERROR(VLOOKUP(B103,'Bug Tracker'!$A:$L,2,FALSE),"Not Found")) | K103: =IF(B103="","",IFERROR(VLOOKUP(B103,'Bug Tracker'!$A:$L,3,FALSE),"")) | M103: =IF(B103="","",IFERROR(VLOOKUP(B103,'Bug Tracker'!$A:$L,4,FALSE),"")) | O103: =IF(B103="","",IFERROR(VLOOKUP(B103,'Bug Tracker'!$A:$L,5,FALSE),"")) | Q103: =IF(B103="","",IFERROR(VLOOKUP(B103,'Bug Tracker'!$A:$L,6,FALSE),"")) | S103: =IF(B103="","",IFERROR(VLOOKUP(B103,'Bug Tracker'!$A:$L,7,FALSE),"")) | U103: =IF(B103="","",IFERROR(VLOOKUP(B103,'Bug Tracker'!$A:$L,10,FALSE),""))
D104: =IF(B104="","",IFERROR(VLOOKUP(B104,'Bug Tracker'!$A:$L,2,FALSE),"Not Found")) | K104: =IF(B104="","",IFERROR(VLOOKUP(B104,'Bug Tracker'!$A:$L,3,FALSE),"")) | M104: =IF(B104="","",IFERROR(VLOOKUP(B104,'Bug Tracker'!$A:$L,4,FALSE),"")) | O104: =IF(B104="","",IFERROR(VLOOKUP(B104,'Bug Tracker'!$A:$L,5,FALSE),"")) | Q104: =IF(B104="","",IFERROR(VLOOKUP(B104,'Bug Tracker'!$A:$L,6,FALSE),"")) | S104: =IF(B104="","",IFERROR(VLOOKUP(B104,'Bug Tracker'!$A:$L,7,FALSE),"")) | U104: =IF(B104="","",IFERROR(VLOOKUP(B104,'Bug Tracker'!$A:$L,10,FALSE),""))
D105: =IF(B105="","",IFERROR(VLOOKUP(B105,'Bug Tracker'!$A:$L,2,FALSE),"Not Found")) | K105: =IF(B105="","",IFERROR(VLOOKUP(B105,'Bug Tracker'!$A:$L,3,FALSE),"")) | M105: =IF(B105="","",IFERROR(VLOOKUP(B105,'Bug Tracker'!$A:$L,4,FALSE),"")) | O105: =IF(B105="","",IFERROR(VLOOKUP(B105,'Bug Tracker'!$A:$L,5,FALSE),"")) | Q105: =IF(B105="","",IFERROR(VLOOKUP(B105,'Bug Tracker'!$A:$L,6,FALSE),"")) | S105: =IF(B105="","",IFERROR(VLOOKUP(B105,'Bug Tracker'!$A:$L,7,FALSE),"")) | U105: =IF(B105="","",IFERROR(VLOOKUP(B105,'Bug Tracker'!$A:$L,10,FALSE),""))
D106: =IF(B106="","",IFERROR(VLOOKUP(B106,'Bug Tracker'!$A:$L,2,FALSE),"Not Found")) | K106: =IF(B106="","",IFERROR(VLOOKUP(B106,'Bug Tracker'!$A:$L,3,FALSE),"")) | M106: =IF(B106="","",IFERROR(VLOOKUP(B106,'Bug Tracker'!$A:$L,4,FALSE),"")) | O106: =IF(B106="","",IFERROR(VLOOKUP(B106,'Bug Tracker'!$A:$L,5,FALSE),"")) | Q106: =IF(B106="","",IFERROR(VLOOKUP(B106,'Bug Tracker'!$A:$L,6,FALSE),"")) | S106: =IF(B106="","",IFERROR(VLOOKUP(B106,'Bug Tracker'!$A:$L,7,FALSE),"")) | U106: =IF(B106="","",IFERROR(VLOOKUP(B106,'Bug Tracker'!$A:$L,10,FALSE),""))
... D183: =IF(B183="","",IFERROR(VLOOKUP(B183,'Bug Tracker'!$A:$L,2,FALSE),"Not Found")) | K183: =IF(B183="","",IFERROR(VLOOKUP(B183,'Bug Tracker'!$A:$L,3,FALSE),"")) | M183: =IF(B183="","",IFERROR(VLOOKUP(B183,'Bug Tracker'!$A:$L,4,FALSE),"")) | O183: =IF(B183="","",IFERROR(VLOOKUP(B183,'Bug Tracker'!$A:$L,5,FALSE),"")) | Q183: =IF(B183="","",IFERROR(VLOOKUP(B183,'Bug Tracker'!$A:$L,6,FALSE),"")) | S183: =IF(B183="","",IFERROR(VLOOKUP(B183,'Bug Tracker'!$A:$L,7,FALSE),"")) | U183: =IF(B183="","",IFERROR(VLOOKUP(B183,'Bug Tracker'!$A:$L,10,FALSE),""))
U184: =IF(B184="","",IFERROR(VLOOKUP(B184,'Bug Tracker'!$A:$L,10,FALSE),""))

Sheet Bug Tracker
A1: Bug ID | B1: Title | C1: Severity | D1: Status | E1: Module | F1: Assigned Tester | G1: Sprint | H1: Created | I1: Resolved | J1: Days Open | K1: Test Type | L1: Environment
A2: BUG-0001 | B2: [Payment] 500 error | C2: High | D2: Closed | E2: Dashboard | F2: Frank Liu | G2: Sprint 2 | H2: 13-Mar-2026 | I2: 17-Mar-2026 | J2: =IF(I2="—",TODAY()-H2,I2-H2) -> 4 | K2: UAT | L2: Pre-Prod
A3: BUG-0002 | B3: [Export] Memory leak | C3: Critical | D3: In Progress | E3: Export | F3: Bob Martinez | G3: Sprint 7 | H3: 09-Oct-2025 | I3: — | J3: =IF(I3="—",TODAY()-H3,I3-H3) -> 226 | K3: Integration | L3: Pre-Prod
A4: BUG-0003 | B4: [API Gateway] Wrong calculation | C4: High | D4: Closed | E4: User Mgmt | F4: Bob Martinez | G4: Sprint 4 | H4: 28-Feb-2026 | I4: 13-Mar-2026 | J4: =IF(I4="—",TODAY()-H4,I4-H4) -> 13 | K4: Regression | L4: Dev
A5: BUG-0004 | B5: [Admin Panel] Timeout | C5: Medium | D5: Fixed | E5: Login | F5: Frank Liu | G5: Sprint 8 | H5: 24-Oct-2025 | I5: 30-Oct-2025 | J5: =IF(I5="—",TODAY()-H5,I5-H5) -> 6 | K5: UAT | L5: Dev
A6: BUG-0005 | B6: [Admin Panel] Crash on load | C6: Critical | D6: Fixed | E6: Payment | F6: Frank Liu | G6: Sprint 2 | H6: 05-Jan-2026 | I6: 16-Jan-2026 | J6: =IF(I6="—",TODAY()-H6,I6-H6) -> 11 | K6: Unit | L6: QA
A7: BUG-0006 | B7: [Payment] UI misalignment | C7: High | D7: Open | E7: User Mgmt | F7: David Kim | G7: Sprint 6 | H7: 16-Apr-2026 | I7: — | J7: =IF(I7="—",TODAY()-H7,I7-H7) -> 37 | K7: Integration | L7: Staging
A8: BUG-0007 | B8: [Dashboard] Memory leak | C8: High | D8: In Progress | E8: API Gateway | F8: Emma Johnson | G8: Sprint 4 | H8: 30-Dec-2025 | I8: — | J8: =IF(I8="—",TODAY()-H8,I8-H8) -> 144 | K8: Integration | L8: Pre-Prod
A9: BUG-0008 | B9: [Export] Data mismatch | C9: High | D9: Closed | E9: Reports | F9: Grace Patel | G9: Sprint 1 | H9: 06-Jan-2026 | I9: 18-Jan-2026 | J9: =IF(I9="—",TODAY()-H9,I9-H9) -> 12 | K9: Integration | L9: Dev
A10: BUG-0009 | B10: [Admin Panel] Crash on load | C10: Medium | D10: Open | E10: Search | F10: David Kim | G10: Sprint 8 | H10: 20-Dec-2025 | I10: — | J10: =IF(I10="—",TODAY()-H10,I10-H10) -> 154 | K10: Integration | L10: Staging
A11: BUG-0010 | B11: [Admin Panel] Wrong calculation | C11: High | D11: Verified | E11: Notifications | F11: Carol Singh | G11: Sprint 4 | H11: 05-Nov-2025 | I11: 10-Nov-2025 | J11: =IF(I11="—",TODAY()-H11,I11-H11) -> 5 | K11: Integration | L11: Pre-Prod
A12: BUG-0011 | B12: [API Gateway] Wrong calculation | C12: Low | D12: Closed | E12: Dashboard | F12: David Kim | G12: Sprint 7 | H12: 24-Oct-2025 | I12: 27-Oct-2025 | J12: =IF(I12="—",TODAY()-H12,I12-H12) -> 3 | K12: UAT | L12: Pre-Prod
A13: BUG-0012 | B13: [Dashboard] Broken link | C13: High | D13: Verified | E13: User Mgmt | F13: Grace Patel | G13: Sprint 6 | H13: 13-Feb-2026 | I13: 14-Feb-2026 | J13: =IF(I13="—",TODAY()-H13,I13-H13) -> 1 | K13: Unit | L13: Staging
... A201: BUG-0200 | B201: [Export] Broken link | C201: High | D201: Reopened | E201: API Gateway | F201: Grace Patel | G201: Sprint 8 | H201: 25-Dec-2025 | I201: — | J201: =IF(I201="—",TODAY()-H201,I201-H201) -> 149 | K201: Regression | L201: QA
J203: =IF(A203="","",IF(I203="—",TODAY()-H203,I203-H203))
J204: =IF(A204="","",IF(I204="—",TODAY()-H204,I204-H204))
J205: =IF(A205="","",IF(I205="—",TODAY()-H205,I205-H205))
J206: =IF(A206="","",IF(I206="—",TODAY()-H206,I206-H206))
J207: =IF(A207="","",IF(I207="—",TODAY()-H207,I207-H207))
J208: =IF(A208="","",IF(I208="—",TODAY()-H208,I208-H208))
J209: =IF(A209="","",IF(I209="—",TODAY()-H209,I209-H209))
J210: =IF(A210="","",IF(I210="—",TODAY()-H210,I210-H210))
J211: =IF(A211="","",IF(I211="—",TODAY()-H211,I211-H211))
J212: =IF(A212="","",IF(I212="—",TODAY()-H212,I212-H212))
J213: =IF(A213="","",IF(I213="—",TODAY()-H213,I213-H213))
J214: =IF(A214="","",IF(I214="—",TODAY()-H214,I214-H214))
... J500: =IF(A500="","",IF(I500="—",TODAY()-H500,I500-H500))

Sheet Test Runs
A1: Sprint | B1: Total Tests | C1: Passed | D1: Failed | E1: Blocked | F1: Pass Rate %
A2: Sprint 1 | B2: 94 | C2: 71 | D2: 14 | E2: 9 | F2: 75.5
A3: Sprint 2 | B3: 112 | C3: 95 | D3: 6 | E3: 11 | F3: 84.8
A4: Sprint 3 | B4: 123 | C4: 106 | D4: 9 | E4: 8 | F4: 86.2
A5: Sprint 4 | B5: 104 | C5: 75 | D5: 19 | E5: 10 | F5: 72.1
A6: Sprint 5 | B6: 131 | C6: 115 | D6: 8 | E6: 8 | F6: 87.8
A7: Sprint 6 | B7: 91 | C7: 70 | D7: 9 | E7: 12 | F7: 76.9
A8: Sprint 7 | B8: 97 | C8: 77 | D8: 13 | E8: 7 | F8: 79.4
A9: Sprint 8 | B9: 80 | C9: 59 | D9: 9 | E9: 12 | F9: 73.8

Sheet Chart Data
A1: 📊 CHART DATA - QA DASHBOARD SOURCE
A2: 🔴 Severity | B2: Count | D2: 📊 Status | E2: Count | G2: 📦 Module | H2: Bugs | J2: 🏃 Sprint | K2: Passed | L2: Failed | M2: Blocked | N2: Pass Rate | P2: 📅 Month | Q2: Bugs Opened | S2: 🎯 Sprint | T2: DRE % | V2: 🧪 Test Type | W2: Count | Y2: 🌐 Environment | Z2: Count
A3: Critical | B3: =COUNTIF('Bug Tracker'!C:C,A3) -> 18 | D3: Open | E3: =COUNTIF('Bug Tracker'!D:D,D3) -> 23 | G3: Dashboard | H3: =COUNTIF('Bug Tracker'!E:E,G3) -> 26 | J3: Sprint 1 | K3: =VLOOKUP(J3,'Test Runs'!$A:$C,3,FALSE) -> 71 | L3: =VLOOKUP(J3,'Test Runs'!$A:$D,4,FALSE) -> 14 | M3: =VLOOKUP(J3,'Test Runs'!$A:$E,5,FALSE) -> 9 | N3: =VLOOKUP(J3,'Test Runs'!$A:$F,6,FALSE) -> 75.5 | P3: Oct 2025 | Q3: {=SUMPRODUCT((MONTH('Bug Tracker'!$H$2:$H$201)=10)*(YEAR('Bug Tracker'!$H$2:$H$201)=2025)*1)} -> 26 | S3: Sprint 1 | T3: =ROUND((COUNTIFS('Bug Tracker'!G:G,S3,'Bug Tracker'!D:D,"Closed")+COUNTIFS('Bug Tracker'!G:G,S3,'Bug Tracker'!D:D,"Fixed")+COUNTIFS('Bug Tracker'!G:G,S3,'Bug Tracker'!D:D,"Verified"))/COUNTIF('Bug Tracker'!G:G,S3)*100,1) -> 72.4 | V3: UAT | W3: =COUNTIF('Bug Tracker'!K:K,V3) -> 32 | Y3: Pre-Prod | Z3: =COUNTIF('Bug Tracker'!L:L,Y3) -> 57
A4: High | B4: =COUNTIF('Bug Tracker'!C:C,A4) -> 60 | D4: In Progress | E4: =COUNTIF('Bug Tracker'!D:D,D4) -> 21 | G4: Export | H4: =COUNTIF('Bug Tracker'!E:E,G4) -> 25 | J4: Sprint 2 | K4: ='Test Runs'!C3 -> 95 | L4: ='Test Runs'!D3 -> 6 | M4: ='Test Runs'!E3 -> 11 | N4: ='Test Runs'!F3 -> 84.8 | P4: Nov 2025 | Q4: {=SUMPRODUCT((MONTH('Bug Tracker'!$H$2:$H$201)=11)*(YEAR('Bug Tracker'!$H$2:$H$201)=2025)*1)} -> 25 | S4: Sprint 2 | T4: =ROUND((COUNTIFS('Bug Tracker'!G:G,S4,'Bug Tracker'!D:D,"Closed")+COUNTIFS('Bug Tracker'!G:G,S4,'Bug Tracker'!D:D,"Fixed")+COUNTIFS('Bug Tracker'!G:G,S4,'Bug Tracker'!D:D,"Verified"))/COUNTIF('Bug Tracker'!G:G,S4)*100,1) -> 65.4 | V4: Integration | W4: =COUNTIF('Bug Tracker'!K:K,V4) -> 38 | Y4: Dev | Z4: =COUNTIF('Bug Tracker'!L:L,Y4) -> 53
A5: Medium | B5: =COUNTIF('Bug Tracker'!C:C,A5) -> 87 | D5: Fixed | E5: =COUNTIF('Bug Tracker'!D:D,D5) -> 47 | G5: Payment | H5: =COUNTIF('Bug Tracker'!E:E,G5) -> 23 | J5: Sprint 3 | K5: ='Test Runs'!C4 -> 106 | L5: ='Test Runs'!D4 -> 9 | M5: ='Test Runs'!E4 -> 8 | N5: ='Test Runs'!F4 -> 86.2 | P5: Dec 2025 | Q5: {=SUMPRODUCT((MONTH('Bug Tracker'!$H$2:$H$201)=12)*(YEAR('Bug Tracker'!$H$2:$H$201)=2025)*1)} -> 40 | S5: Sprint 3 | T5: =ROUND((COUNTIFS('Bug Tracker'!G:G,S5,'Bug Tracker'!D:D,"Closed")+COUNTIFS('Bug Tracker'!G:G,S5,'Bug Tracker'!D:D,"Fixed")+COUNTIFS('Bug Tracker'!G:G,S5,'Bug Tracker'!D:D,"Verified"))/COUNTIF('Bug Tracker'!G:G,S5)*100,1) -> 83.3 | V5: Regression | W5: =COUNTIF('Bug Tracker'!K:K,V5) -> 37 | Y5: QA | Z5: =COUNTIF('Bug Tracker'!L:L,Y5) -> 48
A6: Low | B6: =COUNTIF('Bug Tracker'!C:C,A6) -> 35 | D6: Verified | E6: =COUNTIF('Bug Tracker'!D:D,D6) -> 43 | G6: Admin Panel | H6: =COUNTIF('Bug Tracker'!E:E,G6) -> 22 | J6: Sprint 4 | K6: ='Test Runs'!C5 -> 75 | L6: ='Test Runs'!D5 -> 19 | M6: ='Test Runs'!E5 -> 10 | N6: ='Test Runs'!F5 -> 72.1 | P6: Jan 2026 | Q6: {=SUMPRODUCT((MONTH('Bug Tracker'!$H$2:$H$201)=1)*(YEAR('Bug Tracker'!$H$2:$H$201)=2026)*1)} -> 37 | S6: Sprint 4 | T6: =ROUND((COUNTIFS('Bug Tracker'!G:G,S6,'Bug Tracker'!D:D,"Closed")+COUNTIFS('Bug Tracker'!G:G,S6,'Bug Tracker'!D:D,"Fixed")+COUNTIFS('Bug Tracker'!G:G,S6,'Bug Tracker'!D:D,"Verified"))/COUNTIF('Bug Tracker'!G:G,S6)*100,1) -> 70 | V6: Unit | W6: =COUNTIF('Bug Tracker'!K:K,V6) -> 31 | Y6: Staging | Z6: =COUNTIF('Bug Tracker'!L:L,Y6) -> 42
D7: Closed | E7: =COUNTIF('Bug Tracker'!D:D,D7) -> 54 | G7: Search | H7: =COUNTIF('Bug Tracker'!E:E,G7) -> 20 | J7: Sprint 5 | K7: ='Test Runs'!C6 -> 115 | L7: ='Test Runs'!D6 -> 8 | M7: ='Test Runs'!E6 -> 8 | N7: ='Test Runs'!F6 -> 87.8 | P7: Feb 2026 | Q7: {=SUMPRODUCT((MONTH('Bug Tracker'!$H$2:$H$201)=2)*(YEAR('Bug Tracker'!$H$2:$H$201)=2026)*1)} -> 22 | S7: Sprint 5 | T7: =ROUND((COUNTIFS('Bug Tracker'!G:G,S7,'Bug Tracker'!D:D,"Closed")+COUNTIFS('Bug Tracker'!G:G,S7,'Bug Tracker'!D:D,"Fixed")+COUNTIFS('Bug Tracker'!G:G,S7,'Bug Tracker'!D:D,"Verified"))/COUNTIF('Bug Tracker'!G:G,S7)*100,1) -> 59.3 | V7: Performance | W7: =COUNTIF('Bug Tracker'!K:K,V7) -> 37
A8: TOTAL | B8: =SUM(B3:B6) -> 200 | D8: Reopened | E8: =COUNTIF('Bug Tracker'!D:D,D8) -> 12 | G8: User Mgmt | H8: =COUNTIF('Bug Tracker'!E:E,G8) -> 19 | J8: Sprint 6 | K8: ='Test Runs'!C7 -> 70 | L8: ='Test Runs'!D7 -> 9 | M8: ='Test Runs'!E7 -> 12 | N8: ='Test Runs'!F7 -> 76.9 | P8: Mar 2026 | Q8: {=SUMPRODUCT((MONTH('Bug Tracker'!$H$2:$H$201)=3)*(YEAR('Bug Tracker'!$H$2:$H$201)=2026)*1)} -> 36 | S8: Sprint 6 | T8: =ROUND((COUNTIFS('Bug Tracker'!G:G,S8,'Bug Tracker'!D:D,"Closed")+COUNTIFS('Bug Tracker'!G:G,S8,'Bug Tracker'!D:D,"Fixed")+COUNTIFS('Bug Tracker'!G:G,S8,'Bug Tracker'!D:D,"Verified"))/COUNTIF('Bug Tracker'!G:G,S8)*100,1) -> 69.2 | V8: Smoke | W8: =COUNTIF('Bug Tracker'!K:K,V8) -> 25 | Y8: TOTAL | Z8: =SUM(Z3:Z6) -> 200
G9: Reports | H9: =COUNTIF('Bug Tracker'!E:E,G9) -> 18 | J9: Sprint 7 | K9: ='Test Runs'!C8 -> 77 | L9: ='Test Runs'!D8 -> 13 | M9: ='Test Runs'!E8 -> 7 | N9: ='Test Runs'!F8 -> 79.4 | P9: Apr 2026 | Q9: {=SUMPRODUCT((MONTH('Bug Tracker'!$H$2:$H$201)=4)*(YEAR('Bug Tracker'!$H$2:$H$201)=2026)*1)} -> 14 | S9: Sprint 7 | T9: =ROUND((COUNTIFS('Bug Tracker'!G:G,S9,'Bug Tracker'!D:D,"Closed")+COUNTIFS('Bug Tracker'!G:G,S9,'Bug Tracker'!D:D,"Fixed")+COUNTIFS('Bug Tracker'!G:G,S9,'Bug Tracker'!D:D,"Verified"))/COUNTIF('Bug Tracker'!G:G,S9)*100,1) -> 75
D10: TOTAL | E10: =SUM(E3:E8) -> 200 | G10: API Gateway | H10: =COUNTIF('Bug Tracker'!E:E,G10) -> 17 | J10: Sprint 8 | K10: ='Test Runs'!C9 -> 59 | L10: ='Test Runs'!D9 -> 9 | M10: ='Test Runs'!E9 -> 12 | N10: ='Test Runs'!F9 -> 73.8 | S10: Sprint 8 | T10: =ROUND((COUNTIFS('Bug Tracker'!G:G,S10,'Bug Tracker'!D:D,"Closed")+COUNTIFS('Bug Tracker'!G:G,S10,'Bug Tracker'!D:D,"Fixed")+COUNTIFS('Bug Tracker'!G:G,S10,'Bug Tracker'!D:D,"Verified"))/COUNTIF('Bug Tracker'!G:G,S10)*100,1) -> 84.6 | V10: TOTAL | W10: =SUM(W3:W8) -> 200
G11: Login | H11: =COUNTIF('Bug Tracker'!E:E,G11) -> 15 | P11: TOTAL | Q11: =SUM(Q3:Q9) -> 200
G12: Notifications | H12: =COUNTIF('Bug Tracker'!E:E,G12) -> 15 | J12: TOTAL/AVG | K12: =SUM(K3:K10) -> 668 | L12: =SUM(L3:L10) -> 87 | M12: =SUM(M3:M10) -> 77 | N12: =AVERAGE(N3:N10) -> 79.5625 | S12: AVERAGE | T12: =AVERAGE(T3:T10) -> 72.4
G14: TOTAL | H14: =SUM(H3:H12) -> 200

Sheet 🏆 Tester Scorecard
A1: 🏆 QA TESTER PERFORMANCE SCORECARD
A3: ="Sprint 1–8 | "&(COUNTA('Bug Tracker'!A:A)-1)&" Total Bugs | "&COUNTA($L$6:$L$12)&" Testers" -> Sprint 1–8 | 200 Total Bugs | 7 Testers
A5: Rank | B5: Tester Name | C5: Bugs Assigned | D5: Closed/Fixed | E5: Critical Found | F5: Close Rate % | G5: Performance | L5: Tester | M5: Bugs | N5: Closed | O5: Critical | P5: Rate | Q5: Perf
A6: 1 | B6: =INDEX(L$6:L$12,MATCH(LARGE(P$6:P$12,1),P$6:P$12,0)) -> Frank Liu | C6: =INDEX(M$6:M$12,MATCH(LARGE(P$6:P$12,1),P$6:P$12,0)) -> 18 | D6: =INDEX(N$6:N$12,MATCH(LARGE(P$6:P$12,1),P$6:P$12,0)) -> 17 | E6: =INDEX(O$6:O$12,MATCH(LARGE(P$6:P$12,1),P$6:P$12,0)) -> 2 | F6: =LARGE(P$6:P$12,1) -> 94.4 | G6: =INDEX(Q$6:Q$12,MATCH(LARGE(P$6:P$12,1),P$6:P$12,0)) -> 🥇 Excellent | L6: Alice Chen | M6: =COUNTIF('Bug Tracker'!F:F,L6) -> 33 | N6: =COUNTIFS('Bug Tracker'!F:F,L6,'Bug Tracker'!D:D,"Closed")+COUNTIFS('Bug Tracker'!F:F,L6,'Bug Tracker'!D:D,"Fixed")+COUNTIFS('Bug Tracker'!F:F,L6,'Bug Tracker'!D:D,"Verified") -> 20 | O6: =COUNTIFS('Bug Tracker'!F:F,L6,'Bug Tracker'!C:C,"Critical") -> 3 | P6: =ROUND(N6/M6*100,1) -> 60.6 | Q6: =IF(P6>=75,"🥇 Excellent",IF(P6>=60,"🥈 Good",IF(P6>=50,"🥉 Average","⚠️ Needs Improvement"))) -> 🥈 Good
A7: 2 | B7: =INDEX(L$6:L$12,MATCH(LARGE(P$6:P$12,2),P$6:P$12,0)) -> Carol Singh | C7: =INDEX(M$6:M$12,MATCH(LARGE(P$6:P$12,2),P$6:P$12,0)) -> 25 | D7: =INDEX(N$6:N$12,MATCH(LARGE(P$6:P$12,2),P$6:P$12,0)) -> 21 | E7: =INDEX(O$6:O$12,MATCH(LARGE(P$6:P$12,2),P$6:P$12,0)) -> 2 | F7: =LARGE(P$6:P$12,2) -> 84 | G7: =INDEX(Q$6:Q$12,MATCH(LARGE(P$6:P$12,2),P$6:P$12,0)) -> 🥇 Excellent | L7: Bob Martinez | M7: =COUNTIF('Bug Tracker'!F:F,L7) -> 23 | N7: =COUNTIFS('Bug Tracker'!F:F,L7,'Bug Tracker'!D:D,"Closed")+COUNTIFS('Bug Tracker'!F:F,L7,'Bug Tracker'!D:D,"Fixed")+COUNTIFS('Bug Tracker'!F:F,L7,'Bug Tracker'!D:D,"Verified") -> 18 | O7: =COUNTIFS('Bug Tracker'!F:F,L7,'Bug Tracker'!C:C,"Critical") -> 3 | P7: =ROUND(N7/M7*100,1) -> 78.3 | Q7: =IF(P7>=75,"🥇 Excellent",IF(P7>=60,"🥈 Good",IF(P7>=50,"🥉 Average","⚠️ Needs Improvement"))) -> 🥇 Excellent
A8: 3 | B8: =INDEX(L$6:L$12,MATCH(LARGE(P$6:P$12,3),P$6:P$12,0)) -> Bob Martinez | C8: =INDEX(M$6:M$12,MATCH(LARGE(P$6:P$12,3),P$6:P$12,0)) -> 23 | D8: =INDEX(N$6:N$12,MATCH(LARGE(P$6:P$12,3),P$6:P$12,0)) -> 18 | E8: =INDEX(O$6:O$12,MATCH(LARGE(P$6:P$12,3),P$6:P$12,0)) -> 3 | F8: =LARGE(P$6:P$12,3) -> 78.3 | G8: =INDEX(Q$6:Q$12,MATCH(LARGE(P$6:P$12,3),P$6:P$12,0)) -> 🥇 Excellent | L8: Carol Singh | M8: =COUNTIF('Bug Tracker'!F:F,L8) -> 25 | N8: =COUNTIFS('Bug Tracker'!F:F,L8,'Bug Tracker'!D:D,"Closed")+COUNTIFS('Bug Tracker'!F:F,L8,'Bug Tracker'!D:D,"Fixed")+COUNTIFS('Bug Tracker'!F:F,L8,'Bug Tracker'!D:D,"Verified") -> 21 | O8: =COUNTIFS('Bug Tracker'!F:F,L8,'Bug Tracker'!C:C,"Critical") -> 2 | P8: =ROUND(N8/M8*100,1) -> 84 | Q8: =IF(P8>=75,"🥇 Excellent",IF(P8>=60,"🥈 Good",IF(P8>=50,"🥉 Average","⚠️ Needs Improvement"))) -> 🥇 Excellent
A9: 4 | B9: =INDEX(L$6:L$12,MATCH(LARGE(P$6:P$12,4),P$6:P$12,0)) -> Grace Patel | C9: =INDEX(M$6:M$12,MATCH(LARGE(P$6:P$12,4),P$6:P$12,0)) -> 34 | D9: =INDEX(N$6:N$12,MATCH(LARGE(P$6:P$12,4),P$6:P$12,0)) -> 26 | E9: =INDEX(O$6:O$12,MATCH(LARGE(P$6:P$12,4),P$6:P$12,0)) -> 2 | F9: =LARGE(P$6:P$12,4) -> 76.5 | G9: =INDEX(Q$6:Q$12,MATCH(LARGE(P$6:P$12,4),P$6:P$12,0)) -> 🥇 Excellent | L9: David Kim | M9: =COUNTIF('Bug Tracker'!F:F,L9) -> 34 | N9: =COUNTIFS('Bug Tracker'!F:F,L9,'Bug Tracker'!D:D,"Closed")+COUNTIFS('Bug Tracker'!F:F,L9,'Bug Tracker'!D:D,"Fixed")+COUNTIFS('Bug Tracker'!F:F,L9,'Bug Tracker'!D:D,"Verified") -> 23 | O9: =COUNTIFS('Bug Tracker'!F:F,L9,'Bug Tracker'!C:C,"Critical") -> 2 | P9: =ROUND(N9/M9*100,1) -> 67.6 | Q9: =IF(P9>=75,"🥇 Excellent",IF(P9>=60,"🥈 Good",IF(P9>=50,"🥉 Average","⚠️ Needs Improvement"))) -> 🥈 Good
A10: 5 | B10: =INDEX(L$6:L$12,MATCH(LARGE(P$6:P$12,5),P$6:P$12,0)) -> David Kim | C10: =INDEX(M$6:M$12,MATCH(LARGE(P$6:P$12,5),P$6:P$12,0)) -> 34 | D10: =INDEX(N$6:N$12,MATCH(LARGE(P$6:P$12,5),P$6:P$12,0)) -> 23 | E10: =INDEX(O$6:O$12,MATCH(LARGE(P$6:P$12,5),P$6:P$12,0)) -> 2 | F10: =LARGE(P$6:P$12,5) -> 67.6 | G10: =INDEX(Q$6:Q$12,MATCH(LARGE(P$6:P$12,5),P$6:P$12,0)) -> 🥈 Good | L10: Emma Johnson | M10: =COUNTIF('Bug Tracker'!F:F,L10) -> 33 | N10: =COUNTIFS('Bug Tracker'!F:F,L10,'Bug Tracker'!D:D,"Closed")+COUNTIFS('Bug Tracker'!F:F,L10,'Bug Tracker'!D:D,"Fixed")+COUNTIFS('Bug Tracker'!F:F,L10,'Bug Tracker'!D:D,"Verified") -> 19 | O10: =COUNTIFS('Bug Tracker'!F:F,L10,'Bug Tracker'!C:C,"Critical") -> 4 | P10: =ROUND(N10/M10*100,1) -> 57.6 | Q10: =IF(P10>=75,"🥇 Excellent",IF(P10>=60,"🥈 Good",IF(P10>=50,"🥉 Average","⚠️ Needs Improvement"))) -> 🥉 Average
A11: 6 | B11: =INDEX(L$6:L$12,MATCH(LARGE(P$6:P$12,6),P$6:P$12,0)) -> Alice Chen | C11: =INDEX(M$6:M$12,MATCH(LARGE(P$6:P$12,6),P$6:P$12,0)) -> 33 | D11: =INDEX(N$6:N$12,MATCH(LARGE(P$6:P$12,6),P$6:P$12,0)) -> 20 | E11: =INDEX(O$6:O$12,MATCH(LARGE(P$6:P$12,6),P$6:P$12,0)) -> 3 | F11: =LARGE(P$6:P$12,6) -> 60.6 | G11: =INDEX(Q$6:Q$12,MATCH(LARGE(P$6:P$12,6),P$6:P$12,0)) -> 🥈 Good | L11: Frank Liu | M11: =COUNTIF('Bug Tracker'!F:F,L11) -> 18 | N11: =COUNTIFS('Bug Tracker'!F:F,L11,'Bug Tracker'!D:D,"Closed")+COUNTIFS('Bug Tracker'!F:F,L11,'Bug Tracker'!D:D,"Fixed")+COUNTIFS('Bug Tracker'!F:F,L11,'Bug Tracker'!D:D,"Verified") -> 17 | O11: =COUNTIFS('Bug Tracker'!F:F,L11,'Bug Tracker'!C:C,"Critical") -> 2 | P11: =ROUND(N11/M11*100,1) -> 94.4 | Q11: =IF(P11>=75,"🥇 Excellent",IF(P11>=60,"🥈 Good",IF(P11>=50,"🥉 Average","⚠️ Needs Improvement"))) -> 🥇 Excellent
A12: 7 | B12: =INDEX(L$6:L$12,MATCH(LARGE(P$6:P$12,7),P$6:P$12,0)) -> Emma Johnson | C12: =INDEX(M$6:M$12,MATCH(LARGE(P$6:P$12,7),P$6:P$12,0)) -> 33 | D12: =INDEX(N$6:N$12,MATCH(LARGE(P$6:P$12,7),P$6:P$12,0)) -> 19 | E12: =INDEX(O$6:O$12,MATCH(LARGE(P$6:P$12,7),P$6:P$12,0)) -> 4 | F12: =LARGE(P$6:P$12,7) -> 57.6 | G12: =INDEX(Q$6:Q$12,MATCH(LARGE(P$6:P$12,7),P$6:P$12,0)) -> 🥉 Average | L12: Grace Patel | M12: =COUNTIF('Bug Tracker'!F:F,L12) -> 34 | N12: =COUNTIFS('Bug Tracker'!F:F,L12,'Bug Tracker'!D:D,"Closed")+COUNTIFS('Bug Tracker'!F:F,L12,'Bug Tracker'!D:D,"Fixed")+COUNTIFS('Bug Tracker'!F:F,L12,'Bug Tracker'!D:D,"Verified") -> 26 | O12: =COUNTIFS('Bug Tracker'!F:F,L12,'Bug Tracker'!C:C,"Critical") -> 2 | P12: =ROUND(N12/M12*100,1) -> 76.5 | Q12: =IF(P12>=75,"🥇 Excellent",IF(P12>=60,"🥈 Good",IF(P12>=50,"🥉 Average","⚠️ Needs Improvement"))) -> 🥇 Excellent

Sheet 📅 Sprint Health
A1: 📅 SPRINT-BY-SPRINT HEALTH TRACKER
A4: Sprint | B4: Total Tests | C4: Passed | D4: Failed | E4: Blocked | F4: Pass Rate | G4: Total Bugs | H4: Critical | I4: High | J4: Medium | K4: Low | L4: Bugs Closed | M4: DRE % | N4: Health
A5: Sprint 1 | B5: =VLOOKUP(A5,'Test Runs'!A:F,2,FALSE) -> 94 | C5: =VLOOKUP(A5,'Test Runs'!A:F,3,FALSE) -> 71 | D5: =VLOOKUP(A5,'Test Runs'!A:F,4,FALSE) -> 14 | E5: =VLOOKUP(A5,'Test Runs'!A:F,5,FALSE) -> 9 | F5: =VLOOKUP(A5,'Test Runs'!A:F,6,FALSE) -> 75.5 | G5: =COUNTIF('Bug Tracker'!G:G,A5) -> 29 | H5: =COUNTIFS('Bug Tracker'!G:G,A5,'Bug Tracker'!C:C,"Critical") -> 1 | I5: =COUNTIFS('Bug Tracker'!G:G,A5,'Bug Tracker'!C:C,"High") -> 16 | J5: =COUNTIFS('Bug Tracker'!G:G,A5,'Bug Tracker'!C:C,"Medium") -> 7 | K5: =COUNTIFS('Bug Tracker'!G:G,A5,'Bug Tracker'!C:C,"Low") -> 5 | L5: =COUNTIFS('Bug Tracker'!G:G,A5,'Bug Tracker'!D:D,"Closed")+COUNTIFS('Bug Tracker'!G:G,A5,'Bug Tracker'!D:D,"Fixed")+COUNTIFS('Bug Tracker'!G:G,A5,'Bug Tracker'!D:D,"Verified") -> 21 | M5: =IF(G5=0,0,ROUND(L5/G5*100,1)) -> 72.4 | N5: =IF(AND(F5>=80,M5>=70),"🟢 Healthy",IF(OR(F5<70,M5<50),"🔴 Critical","🟡 At Risk")) -> 🟡 At Risk
A6: Sprint 2 | B6: =VLOOKUP(A6,'Test Runs'!A:F,2,FALSE) -> 112 | C6: =VLOOKUP(A6,'Test Runs'!A:F,3,FALSE) -> 95 | D6: =VLOOKUP(A6,'Test Runs'!A:F,4,FALSE) -> 6 | E6: =VLOOKUP(A6,'Test Runs'!A:F,5,FALSE) -> 11 | F6: =VLOOKUP(A6,'Test Runs'!A:F,6,FALSE) -> 84.8 | G6: =COUNTIF('Bug Tracker'!G:G,A6) -> 26 | H6: =COUNTIFS('Bug Tracker'!G:G,A6,'Bug Tracker'!C:C,"Critical") -> 2 | I6: =COUNTIFS('Bug Tracker'!G:G,A6,'Bug Tracker'!C:C,"High") -> 10 | J6: =COUNTIFS('Bug Tracker'!G:G,A6,'Bug Tracker'!C:C,"Medium") -> 9 | K6: =COUNTIFS('Bug Tracker'!G:G,A6,'Bug Tracker'!C:C,"Low") -> 5 | L6: =COUNTIFS('Bug Tracker'!G:G,A6,'Bug Tracker'!D:D,"Closed")+COUNTIFS('Bug Tracker'!G:G,A6,'Bug Tracker'!D:D,"Fixed")+COUNTIFS('Bug Tracker'!G:G,A6,'Bug Tracker'!D:D,"Verified") -> 17 | M6: =IF(G6=0,0,ROUND(L6/G6*100,1)) -> 65.4 | N6: =IF(AND(F6>=80,M6>=70),"🟢 Healthy",IF(OR(F6<70,M6<50),"🔴 Critical","🟡 At Risk")) -> 🟡 At Risk
A7: Sprint 3 | B7: =VLOOKUP(A7,'Test Runs'!A:F,2,FALSE) -> 123 | C7: =VLOOKUP(A7,'Test Runs'!A:F,3,FALSE) -> 106 | D7: =VLOOKUP(A7,'Test Runs'!A:F,4,FALSE) -> 9 | E7: =VLOOKUP(A7,'Test Runs'!A:F,5,FALSE) -> 8 | F7: =VLOOKUP(A7,'Test Runs'!A:F,6,FALSE) -> 86.2 | G7: =COUNTIF('Bug Tracker'!G:G,A7) -> 18 | H7: =COUNTIFS('Bug Tracker'!G:G,A7,'Bug Tracker'!C:C,"Critical") -> 3 | I7: =COUNTIFS('Bug Tracker'!G:G,A7,'Bug Tracker'!C:C,"High") -> 4 | J7: =COUNTIFS('Bug Tracker'!G:G,A7,'Bug Tracker'!C:C,"Medium") -> 9 | K7: =COUNTIFS('Bug Tracker'!G:G,A7,'Bug Tracker'!C:C,"Low") -> 2 | L7: =COUNTIFS('Bug Tracker'!G:G,A7,'Bug Tracker'!D:D,"Closed")+COUNTIFS('Bug Tracker'!G:G,A7,'Bug Tracker'!D:D,"Fixed")+COUNTIFS('Bug Tracker'!G:G,A7,'Bug Tracker'!D:D,"Verified") -> 15 | M7: =IF(G7=0,0,ROUND(L7/G7*100,1)) -> 83.3 | N7: =IF(AND(F7>=80,M7>=70),"🟢 Healthy",IF(OR(F7<70,M7<50),"🔴 Critical","🟡 At Risk")) -> 🟢 Healthy
A8: Sprint 4 | B8: =VLOOKUP(A8,'Test Runs'!A:F,2,FALSE) -> 104 | C8: =VLOOKUP(A8,'Test Runs'!A:F,3,FALSE) -> 75 | D8: =VLOOKUP(A8,'Test Runs'!A:F,4,FALSE) -> 19 | E8: =VLOOKUP(A8,'Test Runs'!A:F,5,FALSE) -> 10 | F8: =VLOOKUP(A8,'Test Runs'!A:F,6,FALSE) -> 72.1 | G8: =COUNTIF('Bug Tracker'!G:G,A8) -> 20 | H8: =COUNTIFS('Bug Tracker'!G:G,A8,'Bug Tracker'!C:C,"Critical") -> 1 | I8: =COUNTIFS('Bug Tracker'!G:G,A8,'Bug Tracker'!C:C,"High") -> 7 | J8: =COUNTIFS('Bug Tracker'!G:G,A8,'Bug Tracker'!C:C,"Medium") -> 8 | K8: =COUNTIFS('Bug Tracker'!G:G,A8,'Bug Tracker'!C:C,"Low") -> 4 | L8: =COUNTIFS('Bug Tracker'!G:G,A8,'Bug Tracker'!D:D,"Closed")+COUNTIFS('Bug Tracker'!G:G,A8,'Bug Tracker'!D:D,"Fixed")+COUNTIFS('Bug Tracker'!G:G,A8,'Bug Tracker'!D:D,"Verified") -> 14 | M8: =IF(G8=0,0,ROUND(L8/G8*100,1)) -> 70 | N8: =IF(AND(F8>=80,M8>=70),"🟢 Healthy",IF(OR(F8<70,M8<50),"🔴 Critical","🟡 At Risk")) -> 🟡 At Risk
A9: Sprint 5 | B9: =VLOOKUP(A9,'Test Runs'!A:F,2,FALSE) -> 131 | C9: =VLOOKUP(A9,'Test Runs'!A:F,3,FALSE) -> 115 | D9: =VLOOKUP(A9,'Test Runs'!A:F,4,FALSE) -> 8 | E9: =VLOOKUP(A9,'Test Runs'!A:F,5,FALSE) -> 8 | F9: =VLOOKUP(A9,'Test Runs'!A:F,6,FALSE) -> 87.8 | G9: =COUNTIF('Bug Tracker'!G:G,A9) -> 27 | H9: =COUNTIFS('Bug Tracker'!G:G,A9,'Bug Tracker'!C:C,"Critical") -> 1 | I9: =COUNTIFS('Bug Tracker'!G:G,A9,'Bug Tracker'!C:C,"High") -> 6 | J9: =COUNTIFS('Bug Tracker'!G:G,A9,'Bug Tracker'!C:C,"Medium") -> 14 | K9: =COUNTIFS('Bug Tracker'!G:G,A9,'Bug Tracker'!C:C,"Low") -> 6 | L9: =COUNTIFS('Bug Tracker'!G:G,A9,'Bug Tracker'!D:D,"Closed")+COUNTIFS('Bug Tracker'!G:G,A9,'Bug Tracker'!D:D,"Fixed")+COUNTIFS('Bug Tracker'!G:G,A9,'Bug Tracker'!D:D,"Verified") -> 16 | M9: =IF(G9=0,0,ROUND(L9/G9*100,1)) -> 59.3 | N9: =IF(AND(F9>=80,M9>=70),"🟢 Healthy",IF(OR(F9<70,M9<50),"🔴 Critical","🟡 At Risk")) -> 🟡 At Risk
A10: Sprint 6 | B10: =VLOOKUP(A10,'Test Runs'!A:F,2,FALSE) -> 91 | C10: =VLOOKUP(A10,'Test Runs'!A:F,3,FALSE) -> 70 | D10: =VLOOKUP(A10,'Test Runs'!A:F,4,FALSE) -> 9 | E10: =VLOOKUP(A10,'Test Runs'!A:F,5,FALSE) -> 12 | F10: =VLOOKUP(A10,'Test Runs'!A:F,6,FALSE) -> 76.9 | G10: =COUNTIF('Bug Tracker'!G:G,A10) -> 26 | H10: =COUNTIFS('Bug Tracker'!G:G,A10,'Bug Tracker'!C:C,"Critical") -> 3 | I10: =COUNTIFS('Bug Tracker'!G:G,A10,'Bug Tracker'!C:C,"High") -> 6 | J10: =COUNTIFS('Bug Tracker'!G:G,A10,'Bug Tracker'!C:C,"Medium") -> 14 | K10: =COUNTIFS('Bug Tracker'!G:G,A10,'Bug Tracker'!C:C,"Low") -> 3 | L10: =COUNTIFS('Bug Tracker'!G:G,A10,'Bug Tracker'!D:D,"Closed")+COUNTIFS('Bug Tracker'!G:G,A10,'Bug Tracker'!D:D,"Fixed")+COUNTIFS('Bug Tracker'!G:G,A10,'Bug Tracker'!D:D,"Verified") -> 18 | M10: =IF(G10=0,0,ROUND(L10/G10*100,1)) -> 69.2 | N10: =IF(AND(F10>=80,M10>=70),"🟢 Healthy",IF(OR(F10<70,M10<50),"🔴 Critical","🟡 At Risk")) -> 🟡 At Risk
A11: Sprint 7 | B11: =VLOOKUP(A11,'Test Runs'!A:F,2,FALSE) -> 97 | C11: =VLOOKUP(A11,'Test Runs'!A:F,3,FALSE) -> 77 | D11: =VLOOKUP(A11,'Test Runs'!A:F,4,FALSE) -> 13 | E11: =VLOOKUP(A11,'Test Runs'!A:F,5,FALSE) -> 7 | F11: =VLOOKUP(A11,'Test Runs'!A:F,6,FALSE) -> 79.4 | G11: =COUNTIF('Bug Tracker'!G:G,A11) -> 28 | H11: =COUNTIFS('Bug Tracker'!G:G,A11,'Bug Tracker'!C:C,"Critical") -> 4 | I11: =COUNTIFS('Bug Tracker'!G:G,A11,'Bug Tracker'!C:C,"High") -> 5 | J11: =COUNTIFS('Bug Tracker'!G:G,A11,'Bug Tracker'!C:C,"Medium") -> 13 | K11: =COUNTIFS('Bug Tracker'!G:G,A11,'Bug Tracker'!C:C,"Low") -> 6 | L11: =COUNTIFS('Bug Tracker'!G:G,A11,'Bug Tracker'!D:D,"Closed")+COUNTIFS('Bug Tracker'!G:G,A11,'Bug Tracker'!D:D,"Fixed")+COUNTIFS('Bug Tracker'!G:G,A11,'Bug Tracker'!D:D,"Verified") -> 21 | M11: =IF(G11=0,0,ROUND(L11/G11*100,1)) -> 75 | N11: =IF(AND(F11>=80,M11>=70),"🟢 Healthy",IF(OR(F11<70,M11<50),"🔴 Critical","🟡 At Risk")) -> 🟡 At Risk
A12: Sprint 8 | B12: =VLOOKUP(A12,'Test Runs'!A:F,2,FALSE) -> 80 | C12: =VLOOKUP(A12,'Test Runs'!A:F,3,FALSE) -> 59 | D12: =VLOOKUP(A12,'Test Runs'!A:F,4,FALSE) -> 9 | E12: =VLOOKUP(A12,'Test Runs'!A:F,5,FALSE) -> 12 | F12: =VLOOKUP(A12,'Test Runs'!A:F,6,FALSE) -> 73.8 | G12: =COUNTIF('Bug Tracker'!G:G,A12) -> 26 | H12: =COUNTIFS('Bug Tracker'!G:G,A12,'Bug Tracker'!C:C,"Critical") -> 3 | I12: =COUNTIFS('Bug Tracker'!G:G,A12,'Bug Tracker'!C:C,"High") -> 6 | J12: =COUNTIFS('Bug Tracker'!G:G,A12,'Bug Tracker'!C:C,"Medium") -> 13 | K12: =COUNTIFS('Bug Tracker'!G:G,A12,'Bug Tracker'!C:C,"Low") -> 4 | L12: =COUNTIFS('Bug Tracker'!G:G,A12,'Bug Tracker'!D:D,"Closed")+COUNTIFS('Bug Tracker'!G:G,A12,'Bug Tracker'!D:D,"Fixed")+COUNTIFS('Bug Tracker'!G:G,A12,'Bug Tracker'!D:D,"Verified") -> 22 | M12: =IF(G12=0,0,ROUND(L12/G12*100,1)) -> 84.6 | N12: =IF(AND(F12>=80,M12>=70),"🟢 Healthy",IF(OR(F12<70,M12<50),"🔴 Critical","🟡 At Risk")) -> 🟡 At Risk
