Workbook

Sheet Dashboard
A1: 🎯 HABIT TRACKER 2026 - COMMAND CENTER 🎯 | N1: MonthData (helper)
A2: ✨ Transform Your Life One Day at a Time ✨ | N2: January | O2: =IFERROR(AVERAGE(January!AI5:AI14),0) -> 0
N3: February | O3: =IFERROR(AVERAGE(February!AF5:AF14),0) -> 0
A4: 📊 KEY PERFORMANCE INDICATORS | N4: March | O4: =IFERROR(AVERAGE(March!AI5:AI14),0) -> 0
N5: April | O5: =IFERROR(AVERAGE(April!AH5:AH14),0) -> 0
A6: 🏆 | B6: YEARLY SUCCESS | D6: ✅ | E6: TOTAL DONE | G6: 🔥 | H6: BEST MONTH | J6: ⭐ | K6: TOTAL GOALS | N6: May | O6: =IFERROR(AVERAGE(May!AI5:AI14),0) -> 0
A7: =IFERROR(AVERAGE(January!AI5:AI14,February!AF5:AF14,March!AI5:AI14,April!AH5:AH14,May!AI5:AI14,June!AH5:AH14,July!AI5:AI14,August!AI5:AI14,September!AH5:AH14,October!AI5:AI14,November!AH5:AH14,December!AI5:AI14),0) -> 0 | D7: =SUM(January!AG5:AG14,February!AD5:AD14,March!AG5:AG14,April!AF5:AF14,May!AG5:AG14,June!AF5:AF14,July!AG5:AG14,August!AG5:AG14,September!AF5:AF14,October!AG5:AG14,November!AF5:AF14,December!AG5:AG14) -> 0 | G7: =INDEX(N2:N13,MATCH(MAX(O2:O13),O2:O13,0)) -> January | J7: =SUM(January!AH5:AH14,February!AE5:AE14,March!AH5:AH14,April!AG5:AG14,May!AH5:AH14,June!AG5:AG14,July!AH5:AH14,August!AH5:AH14,September!AG5:AG14,October!AH5:AH14,November!AG5:AG14,December!AH5:AH14) -> 2987 | N7: June | O7: =IFERROR(AVERAGE(June!AH5:AH14),0) -> 0
A8: Completion Rate | D8: Habits Tracked | G8: Top Performer | J8: Yearly Target | N8: July | O8: =IFERROR(AVERAGE(July!AI5:AI14),0) -> 0
N9: August | O9: =IFERROR(AVERAGE(August!AI5:AI14),0) -> 0
A10: 📅 MONTHLY PROGRESS HEATMAP | N10: September | O10: =IFERROR(AVERAGE(September!AH5:AH14),0) -> 0
N11: October | O11: =IFERROR(AVERAGE(October!AI5:AI14),0) -> 0
A12: 📆 JANUARY | D12: 📆 FEBRUARY | G12: 📆 MARCH | J12: 📆 APRIL | N12: November | O12: =IFERROR(AVERAGE(November!AH5:AH14),0) -> 0
A13: =IFERROR(AVERAGE(January!AI5:AI14),"0%") -> 0 | D13: =IFERROR(AVERAGE(February!AF5:AF14),"0%") -> 0 | G13: =IFERROR(AVERAGE(March!AI5:AI14),"0%") -> 0 | J13: =IFERROR(AVERAGE(April!AH5:AH14),"0%") -> 0 | N13: December | O13: =IFERROR(AVERAGE(December!AI5:AI14),0) -> 0
A14: Avg Completion | D14: Avg Completion | G14: Avg Completion | J14: Avg Completion
N15: HabitData (helper)
A16: 📆 MAY | D16: 📆 JUNE | G16: 📆 JULY | J16: 📆 AUGUST | N16: =January!A5 -> 💧 Drink 8 Glasses Water | O16: =IFERROR(AVERAGE(January!AI5,February!AF5,March!AI5,April!AH5,May!AI5,June!AH5,July!AI5,August!AI5,September!AH5,October!AI5,November!AH5,December!AI5),0) -> 0
A17: =IFERROR(AVERAGE(May!AI5:AI14),"0%") -> 0 | D17: =IFERROR(AVERAGE(June!AH5:AH14),"0%") -> 0 | G17: =IFERROR(AVERAGE(July!AI5:AI14),"0%") -> 0 | J17: =IFERROR(AVERAGE(August!AI5:AI14),"0%") -> 0 | N17: =January!A6 -> 🏃 Exercise 30 Minutes | O17: =IFERROR(AVERAGE(January!AI6,February!AF6,March!AI6,April!AH6,May!AI6,June!AH6,July!AI6,August!AI6,September!AH6,October!AI6,November!AH6,December!AI6),0) -> 0
A18: Avg Completion | D18: Avg Completion | G18: Avg Completion | J18: Avg Completion | N18: =January!A7 -> 📚 Read 3 Pages | O18: =IFERROR(AVERAGE(January!AI7,February!AF7,March!AI7,April!AH7,May!AI7,June!AH7,July!AI7,August!AI7,September!AH7,October!AI7,November!AH7,December!AI7),0) -> 0
N19: =January!A8 -> 🧘 Meditate 10 Minutes | O19: =IFERROR(AVERAGE(January!AI8,February!AF8,March!AI8,April!AH8,May!AI8,June!AH8,July!AI8,August!AI8,September!AH8,October!AI8,November!AH8,December!AI8),0) -> 0
A20: 📆 SEPTEMBER | D20: 📆 OCTOBER | G20: 📆 NOVEMBER | J20: 📆 DECEMBER | N20: =January!A9 -> 😴 Sleep Before 11 PM | O20: =IFERROR(AVERAGE(January!AI9,February!AF9,March!AI9,April!AH9,May!AI9,June!AH9,July!AI9,August!AI9,September!AH9,October!AI9,November!AH9,December!AI9),0) -> 0
A21: =IFERROR(AVERAGE(September!AH5:AH14),"0%") -> 0 | D21: =IFERROR(AVERAGE(October!AI5:AI14),"0%") -> 0 | G21: =IFERROR(AVERAGE(November!AH5:AH14),"0%") -> 0 | J21: =IFERROR(AVERAGE(December!AI5:AI14),"0%") -> 0 | N21: =January!A10 -> 🥗 Eat Healthy Meals | O21: =IFERROR(AVERAGE(January!AI10,February!AF10,March!AI10,April!AH10,May!AI10,June!AH10,July!AI10,August!AI10,September!AH10,October!AI10,November!AH10,December!AI10),0) -> 0
A22: Avg Completion | D22: Avg Completion | G22: Avg Completion | J22: Avg Completion | N22: =January!A11 -> 📝 Daily Journaling | O22: =IFERROR(AVERAGE(January!AI11,February!AF11,March!AI11,April!AH11,May!AI11,June!AH11,July!AI11,August!AI11,September!AH11,October!AI11,November!AH11,December!AI11),0) -> 0
N23: =January!A12 -> 🚫 Reduce Social Media | O23: =IFERROR(AVERAGE(January!AI12,February!AF12,March!AI12,April!AH12,May!AI12,June!AH12,July!AI12,August!AI12,September!AH12,October!AI12,November!AH12,December!AI12),0) -> 0
A24: 🏅 HABIT LEADERBOARD - YOUR TOP PERFORMERS | N24: =January!A13 -> 💪 Workout Routine | O24: =IFERROR(AVERAGE(January!AI13,February!AF13,March!AI13,April!AH13,May!AI13,June!AH13,July!AI13,August!AI13,September!AH13,October!AI13,November!AH13,December!AI13),0) -> 0
N25: =January!A14 -> 🎨 Creative Activity | O25: =IFERROR(AVERAGE(January!AI14,February!AF14,March!AI14,April!AH14,May!AI14,June!AH14,July!AI14,August!AI14,September!AH14,October!AI14,November!AH14,December!AI14),0) -> 0
A26: RANK | B26: HABIT | E26: YEARLY PROGRESS | H26: STATUS | J26: TREND
A27: 🥇 1 | B27: =January!A5 -> 💧 Drink 8 Glasses Water | E27: =REPT("█",ROUND(IFERROR(AVERAGE(January!AI5,March!AI5,May!AI5,July!AI5,August!AI5,October!AI5,December!AI5)*10,0),0))&REPT("░",10-ROUND(IFERROR(AVERAGE(January!AI5,March!AI5,May!AI5,July!AI5,August!AI5,October!AI5,December!AI5)*10,0),0)) -> ░░░░░░░░░░ | H27: =IF(IFERROR(AVERAGE(January!AI5,March!AI5),"0")>=0.8,"⭐ STAR",IF(IFERROR(AVERAGE(January!AI5,March!AI5),"0")>=0.5,"✅ GOOD","🔄 IMPROVE")) -> 🔄 IMPROVE | J27: 📈 | N27: Completed | O27: =Dashboard!D7 -> 0
A28: 🥈 2 | B28: =January!A6 -> 🏃 Exercise 30 Minutes | E28: =REPT("█",ROUND(IFERROR(AVERAGE(January!AI6,March!AI6,May!AI6,July!AI6,August!AI6,October!AI6,December!AI6)*10,0),0))&REPT("░",10-ROUND(IFERROR(AVERAGE(January!AI6,March!AI6,May!AI6,July!AI6,August!AI6,October!AI6,December!AI6)*10,0),0)) -> ░░░░░░░░░░ | H28: =IF(IFERROR(AVERAGE(January!AI6,March!AI6),"0")>=0.8,"⭐ STAR",IF(IFERROR(AVERAGE(January!AI6,March!AI6),"0")>=0.5,"✅ GOOD","🔄 IMPROVE")) -> 🔄 IMPROVE | J28: 📈 | N28: Remaining | O28: =MAX(Dashboard!J7-Dashboard!D7,0) -> 2987
A29: 🥉 3 | B29: =January!A7 -> 📚 Read 3 Pages | E29: =REPT("█",ROUND(IFERROR(AVERAGE(January!AI7,March!AI7,May!AI7,July!AI7,August!AI7,October!AI7,December!AI7)*10,0),0))&REPT("░",10-ROUND(IFERROR(AVERAGE(January!AI7,March!AI7,May!AI7,July!AI7,August!AI7,October!AI7,December!AI7)*10,0),0)) -> ░░░░░░░░░░ | H29: =IF(IFERROR(AVERAGE(January!AI7,March!AI7),"0")>=0.8,"⭐ STAR",IF(IFERROR(AVERAGE(January!AI7,March!AI7),"0")>=0.5,"✅ GOOD","🔄 IMPROVE")) -> 🔄 IMPROVE | J29: 📈
A30: 4️⃣ | B30: =January!A8 -> 🧘 Meditate 10 Minutes | E30: =REPT("█",ROUND(IFERROR(AVERAGE(January!AI8,March!AI8,May!AI8,July!AI8,August!AI8,October!AI8,December!AI8)*10,0),0))&REPT("░",10-ROUND(IFERROR(AVERAGE(January!AI8,March!AI8,May!AI8,July!AI8,August!AI8,October!AI8,December!AI8)*10,0),0)) -> ░░░░░░░░░░ | H30: =IF(IFERROR(AVERAGE(January!AI8,March!AI8),"0")>=0.8,"⭐ STAR",IF(IFERROR(AVERAGE(January!AI8,March!AI8),"0")>=0.5,"✅ GOOD","🔄 IMPROVE")) -> 🔄 IMPROVE | J30: 📈
A31: 5️⃣ | B31: =January!A9 -> 😴 Sleep Before 11 PM | E31: =REPT("█",ROUND(IFERROR(AVERAGE(January!AI9,March!AI9,May!AI9,July!AI9,August!AI9,October!AI9,December!AI9)*10,0),0))&REPT("░",10-ROUND(IFERROR(AVERAGE(January!AI9,March!AI9,May!AI9,July!AI9,August!AI9,October!AI9,December!AI9)*10,0),0)) -> ░░░░░░░░░░ | H31: =IF(IFERROR(AVERAGE(January!AI9,March!AI9),"0")>=0.8,"⭐ STAR",IF(IFERROR(AVERAGE(January!AI9,March!AI9),"0")>=0.5,"✅ GOOD","🔄 IMPROVE")) -> 🔄 IMPROVE | J31: 📈
A32: 6️⃣ | B32: =January!A10 -> 🥗 Eat Healthy Meals | E32: =REPT("█",ROUND(IFERROR(AVERAGE(January!AI10,March!AI10,May!AI10,July!AI10,August!AI10,October!AI10,December!AI10)*10,0),0))&REPT("░",10-ROUND(IFERROR(AVERAGE(January!AI10,March!AI10,May!AI10,July!AI10,August!AI10,October!AI10,December!AI10)*10,0),0)) -> ░░░░░░░░░░ | H32: =IF(IFERROR(AVERAGE(January!AI10,March!AI10),"0")>=0.8,"⭐ STAR",IF(IFERROR(AVERAGE(January!AI10,March!AI10),"0")>=0.5,"✅ GOOD","🔄 IMPROVE")) -> 🔄 IMPROVE | J32: 📈
A33: 7️⃣ | B33: =January!A11 -> 📝 Daily Journaling | E33: =REPT("█",ROUND(IFERROR(AVERAGE(January!AI11,March!AI11,May!AI11,July!AI11,August!AI11,October!AI11,December!AI11)*10,0),0))&REPT("░",10-ROUND(IFERROR(AVERAGE(January!AI11,March!AI11,May!AI11,July!AI11,August!AI11,October!AI11,December!AI11)*10,0),0)) -> ░░░░░░░░░░ | H33: =IF(IFERROR(AVERAGE(January!AI11,March!AI11),"0")>=0.8,"⭐ STAR",IF(IFERROR(AVERAGE(January!AI11,March!AI11),"0")>=0.5,"✅ GOOD","🔄 IMPROVE")) -> 🔄 IMPROVE | J33: 📈
A34: 8️⃣ | B34: =January!A12 -> 🚫 Reduce Social Media | E34: =REPT("█",ROUND(IFERROR(AVERAGE(January!AI12,March!AI12,May!AI12,July!AI12,August!AI12,October!AI12,December!AI12)*10,0),0))&REPT("░",10-ROUND(IFERROR(AVERAGE(January!AI12,March!AI12,May!AI12,July!AI12,August!AI12,October!AI12,December!AI12)*10,0),0)) -> ░░░░░░░░░░ | H34: =IF(IFERROR(AVERAGE(January!AI12,March!AI12),"0")>=0.8,"⭐ STAR",IF(IFERROR(AVERAGE(January!AI12,March!AI12),"0")>=0.5,"✅ GOOD","🔄 IMPROVE")) -> 🔄 IMPROVE | J34: 📈
A35: 9️⃣ | B35: =January!A13 -> 💪 Workout Routine | E35: =REPT("█",ROUND(IFERROR(AVERAGE(January!AI13,March!AI13,May!AI13,July!AI13,August!AI13,October!AI13,December!AI13)*10,0),0))&REPT("░",10-ROUND(IFERROR(AVERAGE(January!AI13,March!AI13,May!AI13,July!AI13,August!AI13,October!AI13,December!AI13)*10,0),0)) -> ░░░░░░░░░░ | H35: =IF(IFERROR(AVERAGE(January!AI13,March!AI13),"0")>=0.8,"⭐ STAR",IF(IFERROR(AVERAGE(January!AI13,March!AI13),"0")>=0.5,"✅ GOOD","🔄 IMPROVE")) -> 🔄 IMPROVE | J35: 📈
A36: 🔟 | B36: =January!A14 -> 🎨 Creative Activity | E36: =REPT("█",ROUND(IFERROR(AVERAGE(January!AI14,March!AI14,May!AI14,July!AI14,August!AI14,October!AI14,December!AI14)*10,0),0))&REPT("░",10-ROUND(IFERROR(AVERAGE(January!AI14,March!AI14,May!AI14,July!AI14,August!AI14,October!AI14,December!AI14)*10,0),0)) -> ░░░░░░░░░░ | H36: =IF(IFERROR(AVERAGE(January!AI14,March!AI14),"0")>=0.8,"⭐ STAR",IF(IFERROR(AVERAGE(January!AI14,March!AI14),"0")>=0.5,"✅ GOOD","🔄 IMPROVE")) -> 🔄 IMPROVE | J36: 📈

Sheet 📈 Analytics
A1: 📈 HABIT ANALYTICS & INSIGHTS
A3: Month | B3: Avg Completion | D3: Habit | E3: Yearly Avg | G3: Status | H3: Value
A4: =Dashboard!N2 -> January | B4: =Dashboard!O2 -> 0 | D4: =Dashboard!N16 -> 💧 Drink 8 Glasses Water | E4: =Dashboard!O16 -> 0 | G4: =Dashboard!N27 -> Completed | H4: =Dashboard!O27 -> 0
A5: =Dashboard!N3 -> February | B5: =Dashboard!O3 -> 0 | D5: =Dashboard!N17 -> 🏃 Exercise 30 Minutes | E5: =Dashboard!O17 -> 0 | G5: =Dashboard!N28 -> Remaining | H5: =Dashboard!O28 -> 2987
A6: =Dashboard!N4 -> March | B6: =Dashboard!O4 -> 0 | D6: =Dashboard!N18 -> 📚 Read 3 Pages | E6: =Dashboard!O18 -> 0
A7: =Dashboard!N5 -> April | B7: =Dashboard!O5 -> 0 | D7: =Dashboard!N19 -> 🧘 Meditate 10 Minutes | E7: =Dashboard!O19 -> 0
A8: =Dashboard!N6 -> May | B8: =Dashboard!O6 -> 0 | D8: =Dashboard!N20 -> 😴 Sleep Before 11 PM | E8: =Dashboard!O20 -> 0
A9: =Dashboard!N7 -> June | B9: =Dashboard!O7 -> 0 | D9: =Dashboard!N21 -> 🥗 Eat Healthy Meals | E9: =Dashboard!O21 -> 0
A10: =Dashboard!N8 -> July | B10: =Dashboard!O8 -> 0 | D10: =Dashboard!N22 -> 📝 Daily Journaling | E10: =Dashboard!O22 -> 0
A11: =Dashboard!N9 -> August | B11: =Dashboard!O9 -> 0 | D11: =Dashboard!N23 -> 🚫 Reduce Social Media | E11: =Dashboard!O23 -> 0
A12: =Dashboard!N10 -> September | B12: =Dashboard!O10 -> 0 | D12: =Dashboard!N24 -> 💪 Workout Routine | E12: =Dashboard!O24 -> 0
A13: =Dashboard!N11 -> October | B13: =Dashboard!O11 -> 0 | D13: =Dashboard!N25 -> 🎨 Creative Activity | E13: =Dashboard!O25 -> 0
A14: =Dashboard!N12 -> November | B14: =Dashboard!O12 -> 0
A15: =Dashboard!N13 -> December | B15: =Dashboard!O13 -> 0

Sheet January
A1: ="🎯 HABIT TRACKER - JANUARY "&Dashboard!B1 -> 🎯 HABIT TRACKER - JANUARY
A2: Track your daily habits and build a better you! ✨
A4: HABIT | B4: 1 | C4: 2 | D4: 3 | E4: 4 | F4: 5 | G4: 6 | H4: 7 | I4: 8 | J4: 9 | K4: 10 | L4: 11 | M4: 12 | N4: 13 | O4: 14 | P4: 15 | Q4: 16 | R4: 17 | S4: 18 | T4: 19 | U4: 20 | V4: 21 | W4: 22 | X4: 23 | Y4: 24 | Z4: 25 | AA4: 26 | AB4: 27 | AC4: 28 | AD4: 29 | AE4: 30 | AF4: 31 | AG4: DONE | AH4: GOAL | AI4: PROGRESS
A5: 💧 Drink 8 Glasses Water | AG5: =COUNTIF(B5:AF5,"✓") -> 0 | AH5: 31 | AI5: =IF(AH5=0,0,AG5/AH5) -> 0
A6: 🏃 Exercise 30 Minutes | AG6: =COUNTIF(B6:AF6,"✓") -> 0 | AH6: 22 | AI6: =IF(AH6=0,0,AG6/AH6) -> 0
A7: 📚 Read 3 Pages | AG7: =COUNTIF(B7:AF7,"✓") -> 0 | AH7: 31 | AI7: =IF(AH7=0,0,AG7/AH7) -> 0
A8: 🧘 Meditate 10 Minutes | AG8: =COUNTIF(B8:AF8,"✓") -> 0 | AH8: 31 | AI8: =IF(AH8=0,0,AG8/AH8) -> 0
A9: 😴 Sleep Before 11 PM | AG9: =COUNTIF(B9:AF9,"✓") -> 0 | AH9: 31 | AI9: =IF(AH9=0,0,AG9/AH9) -> 0
A10: 🥗 Eat Healthy Meals | AG10: =COUNTIF(B10:AF10,"✓") -> 0 | AH10: 26 | AI10: =IF(AH10=0,0,AG10/AH10) -> 0
A11: 📝 Daily Journaling | AG11: =COUNTIF(B11:AF11,"✓") -> 0 | AH11: 22 | AI11: =IF(AH11=0,0,AG11/AH11) -> 0
A12: 🚫 Reduce Social Media | AG12: =COUNTIF(B12:AF12,"✓") -> 0 | AH12: 31 | AI12: =IF(AH12=0,0,AG12/AH12) -> 0
A13: 💪 Workout Routine | AG13: =COUNTIF(B13:AF13,"✓") -> 0 | AH13: 16 | AI13: =IF(AH13=0,0,AG13/AH13) -> 0
A14: 🎨 Creative Activity | AG14: =COUNTIF(B14:AF14,"✓") -> 0 | AH14: 13 | AI14: =IF(AH14=0,0,AG14/AH14) -> 0
A16: 📊 MONTHLY DASHBOARD
A18: 🏆 TOTAL COMPLETED | E18: 📈 AVG COMPLETION | I18: ⭐ PERFECT HABITS
A19: =SUM(AG5:AG14) -> 0 | E19: =IFERROR(AVERAGE(AI5:AI14),0) -> 0 | I19: =COUNTIF(AI5:AI14,">=1") -> 0

Sheet February
A1: ="🎯 HABIT TRACKER - FEBRUARY "&Dashboard!B1 -> 🎯 HABIT TRACKER - FEBRUARY
A2: Track your daily habits and build a better you! ✨
A4: HABIT | B4: 1 | C4: 2 | D4: 3 | E4: 4 | F4: 5 | G4: 6 | H4: 7 | I4: 8 | J4: 9 | K4: 10 | L4: 11 | M4: 12 | N4: 13 | O4: 14 | P4: 15 | Q4: 16 | R4: 17 | S4: 18 | T4: 19 | U4: 20 | V4: 21 | W4: 22 | X4: 23 | Y4: 24 | Z4: 25 | AA4: 26 | AB4: 27 | AC4: 28 | AD4: DONE | AE4: GOAL | AF4: PROGRESS
A5: =January!A5 -> 💧 Drink 8 Glasses Water | AD5: =COUNTIF(B5:AC5,"✓") -> 0 | AE5: 28 | AF5: =IF(AE5=0,0,AD5/AE5) -> 0
A6: =January!A6 -> 🏃 Exercise 30 Minutes | AD6: =COUNTIF(B6:AC6,"✓") -> 0 | AE6: 20 | AF6: =IF(AE6=0,0,AD6/AE6) -> 0
A7: =January!A7 -> 📚 Read 3 Pages | AD7: =COUNTIF(B7:AC7,"✓") -> 0 | AE7: 28 | AF7: =IF(AE7=0,0,AD7/AE7) -> 0
A8: =January!A8 -> 🧘 Meditate 10 Minutes | AD8: =COUNTIF(B8:AC8,"✓") -> 0 | AE8: 28 | AF8: =IF(AE8=0,0,AD8/AE8) -> 0
A9: =January!A9 -> 😴 Sleep Before 11 PM | AD9: =COUNTIF(B9:AC9,"✓") -> 0 | AE9: 28 | AF9: =IF(AE9=0,0,AD9/AE9) -> 0
A10: =January!A10 -> 🥗 Eat Healthy Meals | AD10: =COUNTIF(B10:AC10,"✓") -> 0 | AE10: 23 | AF10: =IF(AE10=0,0,AD10/AE10) -> 0
A11: =January!A11 -> 📝 Daily Journaling | AD11: =COUNTIF(B11:AC11,"✓") -> 0 | AE11: 20 | AF11: =IF(AE11=0,0,AD11/AE11) -> 0
A12: =January!A12 -> 🚫 Reduce Social Media | AD12: =COUNTIF(B12:AC12,"✓") -> 0 | AE12: 28 | AF12: =IF(AE12=0,0,AD12/AE12) -> 0
A13: =January!A13 -> 💪 Workout Routine | AD13: =COUNTIF(B13:AC13,"✓") -> 0 | AE13: 14 | AF13: =IF(AE13=0,0,AD13/AE13) -> 0
A14: =January!A14 -> 🎨 Creative Activity | AD14: =COUNTIF(B14:AC14,"✓") -> 0 | AE14: 12 | AF14: =IF(AE14=0,0,AD14/AE14) -> 0
A16: 📊 MONTHLY DASHBOARD
A18: 🏆 TOTAL COMPLETED | E18: 📈 AVG COMPLETION | I18: ⭐ PERFECT HABITS
A19: =SUM(AD5:AD14) -> 0 | E19: =IFERROR(AVERAGE(AF5:AF14),0) -> 0 | I19: =COUNTIF(AF5:AF14,">=1") -> 0

Sheet March
A1: ="🎯 HABIT TRACKER - MARCH "&Dashboard!B1 -> 🎯 HABIT TRACKER - MARCH
A2: Track your daily habits and build a better you! ✨
A4: HABIT | B4: 1 | C4: 2 | D4: 3 | E4: 4 | F4: 5 | G4: 6 | H4: 7 | I4: 8 | J4: 9 | K4: 10 | L4: 11 | M4: 12 | N4: 13 | O4: 14 | P4: 15 | Q4: 16 | R4: 17 | S4: 18 | T4: 19 | U4: 20 | V4: 21 | W4: 22 | X4: 23 | Y4: 24 | Z4: 25 | AA4: 26 | AB4: 27 | AC4: 28 | AD4: 29 | AE4: 30 | AF4: 31 | AG4: DONE | AH4: GOAL | AI4: PROGRESS
A5: =January!A5 -> 💧 Drink 8 Glasses Water | AG5: =COUNTIF(B5:AF5,"✓") -> 0 | AH5: 31 | AI5: =IF(AH5=0,0,AG5/AH5) -> 0
A6: =January!A6 -> 🏃 Exercise 30 Minutes | AG6: =COUNTIF(B6:AF6,"✓") -> 0 | AH6: 22 | AI6: =IF(AH6=0,0,AG6/AH6) -> 0
A7: =January!A7 -> 📚 Read 3 Pages | AG7: =COUNTIF(B7:AF7,"✓") -> 0 | AH7: 31 | AI7: =IF(AH7=0,0,AG7/AH7) -> 0
A8: =January!A8 -> 🧘 Meditate 10 Minutes | AG8: =COUNTIF(B8:AF8,"✓") -> 0 | AH8: 31 | AI8: =IF(AH8=0,0,AG8/AH8) -> 0
A9: =January!A9 -> 😴 Sleep Before 11 PM | AG9: =COUNTIF(B9:AF9,"✓") -> 0 | AH9: 31 | AI9: =IF(AH9=0,0,AG9/AH9) -> 0
A10: =January!A10 -> 🥗 Eat Healthy Meals | AG10: =COUNTIF(B10:AF10,"✓") -> 0 | AH10: 26 | AI10: =IF(AH10=0,0,AG10/AH10) -> 0
A11: =January!A11 -> 📝 Daily Journaling | AG11: =COUNTIF(B11:AF11,"✓") -> 0 | AH11: 22 | AI11: =IF(AH11=0,0,AG11/AH11) -> 0
A12: =January!A12 -> 🚫 Reduce Social Media | AG12: =COUNTIF(B12:AF12,"✓") -> 0 | AH12: 31 | AI12: =IF(AH12=0,0,AG12/AH12) -> 0
A13: =January!A13 -> 💪 Workout Routine | AG13: =COUNTIF(B13:AF13,"✓") -> 0 | AH13: 16 | AI13: =IF(AH13=0,0,AG13/AH13) -> 0
A14: =January!A14 -> 🎨 Creative Activity | AG14: =COUNTIF(B14:AF14,"✓") -> 0 | AH14: 13 | AI14: =IF(AH14=0,0,AG14/AH14) -> 0
A16: 📊 MONTHLY DASHBOARD
A18: 🏆 TOTAL COMPLETED | E18: 📈 AVG COMPLETION | I18: ⭐ PERFECT HABITS
A19: =SUM(AG5:AG14) -> 0 | E19: =IFERROR(AVERAGE(AI5:AI14),0) -> 0 | I19: =COUNTIF(AI5:AI14,">=1") -> 0

Sheet April
A1: ="🎯 HABIT TRACKER - APRIL "&Dashboard!B1 -> 🎯 HABIT TRACKER - APRIL
A2: Track your daily habits and build a better you! ✨
A4: HABIT | B4: 1 | C4: 2 | D4: 3 | E4: 4 | F4: 5 | G4: 6 | H4: 7 | I4: 8 | J4: 9 | K4: 10 | L4: 11 | M4: 12 | N4: 13 | O4: 14 | P4: 15 | Q4: 16 | R4: 17 | S4: 18 | T4: 19 | U4: 20 | V4: 21 | W4: 22 | X4: 23 | Y4: 24 | Z4: 25 | AA4: 26 | AB4: 27 | AC4: 28 | AD4: 29 | AE4: 30 | AF4: DONE | AG4: GOAL | AH4: PROGRESS
A5: =January!A5 -> 💧 Drink 8 Glasses Water | AF5: =COUNTIF(B5:AE5,"✓") -> 0 | AG5: 30 | AH5: =IF(AG5=0,0,AF5/AG5) -> 0
A6: =January!A6 -> 🏃 Exercise 30 Minutes | AF6: =COUNTIF(B6:AE6,"✓") -> 0 | AG6: 21 | AH6: =IF(AG6=0,0,AF6/AG6) -> 0
A7: =January!A7 -> 📚 Read 3 Pages | AF7: =COUNTIF(B7:AE7,"✓") -> 0 | AG7: 30 | AH7: =IF(AG7=0,0,AF7/AG7) -> 0
A8: =January!A8 -> 🧘 Meditate 10 Minutes | AF8: =COUNTIF(B8:AE8,"✓") -> 0 | AG8: 30 | AH8: =IF(AG8=0,0,AF8/AG8) -> 0
A9: =January!A9 -> 😴 Sleep Before 11 PM | AF9: =COUNTIF(B9:AE9,"✓") -> 0 | AG9: 30 | AH9: =IF(AG9=0,0,AF9/AG9) -> 0
A10: =January!A10 -> 🥗 Eat Healthy Meals | AF10: =COUNTIF(B10:AE10,"✓") -> 0 | AG10: 25 | AH10: =IF(AG10=0,0,AF10/AG10) -> 0
A11: =January!A11 -> 📝 Daily Journaling | AF11: =COUNTIF(B11:AE11,"✓") -> 0 | AG11: 21 | AH11: =IF(AG11=0,0,AF11/AG11) -> 0
A12: =January!A12 -> 🚫 Reduce Social Media | AF12: =COUNTIF(B12:AE12,"✓") -> 0 | AG12: 30 | AH12: =IF(AG12=0,0,AF12/AG12) -> 0
A13: =January!A13 -> 💪 Workout Routine | AF13: =COUNTIF(B13:AE13,"✓") -> 0 | AG13: 15 | AH13: =IF(AG13=0,0,AF13/AG13) -> 0
A14: =January!A14 -> 🎨 Creative Activity | AF14: =COUNTIF(B14:AE14,"✓") -> 0 | AG14: 13 | AH14: =IF(AG14=0,0,AF14/AG14) -> 0
A16: 📊 MONTHLY DASHBOARD
A18: 🏆 TOTAL COMPLETED | E18: 📈 AVG COMPLETION | I18: ⭐ PERFECT HABITS
A19: =SUM(AF5:AF14) -> 0 | E19: =IFERROR(AVERAGE(AH5:AH14),0) -> 0 | I19: =COUNTIF(AH5:AH14,">=1") -> 0

Sheet May
A1: ="🎯 HABIT TRACKER - MAY "&Dashboard!B1 -> 🎯 HABIT TRACKER - MAY
A2: Track your daily habits and build a better you! ✨
A4: HABIT | B4: 1 | C4: 2 | D4: 3 | E4: 4 | F4: 5 | G4: 6 | H4: 7 | I4: 8 | J4: 9 | K4: 10 | L4: 11 | M4: 12 | N4: 13 | O4: 14 | P4: 15 | Q4: 16 | R4: 17 | S4: 18 | T4: 19 | U4: 20 | V4: 21 | W4: 22 | X4: 23 | Y4: 24 | Z4: 25 | AA4: 26 | AB4: 27 | AC4: 28 | AD4: 29 | AE4: 30 | AF4: 31 | AG4: DONE | AH4: GOAL | AI4: PROGRESS
A5: =January!A5 -> 💧 Drink 8 Glasses Water | AG5: =COUNTIF(B5:AF5,"✓") -> 0 | AH5: 31 | AI5: =IF(AH5=0,0,AG5/AH5) -> 0
A6: =January!A6 -> 🏃 Exercise 30 Minutes | AG6: =COUNTIF(B6:AF6,"✓") -> 0 | AH6: 22 | AI6: =IF(AH6=0,0,AG6/AH6) -> 0
A7: =January!A7 -> 📚 Read 3 Pages | AG7: =COUNTIF(B7:AF7,"✓") -> 0 | AH7: 31 | AI7: =IF(AH7=0,0,AG7/AH7) -> 0
A8: =January!A8 -> 🧘 Meditate 10 Minutes | AG8: =COUNTIF(B8:AF8,"✓") -> 0 | AH8: 31 | AI8: =IF(AH8=0,0,AG8/AH8) -> 0
A9: =January!A9 -> 😴 Sleep Before 11 PM | AG9: =COUNTIF(B9:AF9,"✓") -> 0 | AH9: 31 | AI9: =IF(AH9=0,0,AG9/AH9) -> 0
A10: =January!A10 -> 🥗 Eat Healthy Meals | AG10: =COUNTIF(B10:AF10,"✓") -> 0 | AH10: 26 | AI10: =IF(AH10=0,0,AG10/AH10) -> 0
A11: =January!A11 -> 📝 Daily Journaling | AG11: =COUNTIF(B11:AF11,"✓") -> 0 | AH11: 22 | AI11: =IF(AH11=0,0,AG11/AH11) -> 0
A12: =January!A12 -> 🚫 Reduce Social Media | AG12: =COUNTIF(B12:AF12,"✓") -> 0 | AH12: 31 | AI12: =IF(AH12=0,0,AG12/AH12) -> 0
A13: =January!A13 -> 💪 Workout Routine | AG13: =COUNTIF(B13:AF13,"✓") -> 0 | AH13: 16 | AI13: =IF(AH13=0,0,AG13/AH13) -> 0
A14: =January!A14 -> 🎨 Creative Activity | AG14: =COUNTIF(B14:AF14,"✓") -> 0 | AH14: 13 | AI14: =IF(AH14=0,0,AG14/AH14) -> 0
A16: 📊 MONTHLY DASHBOARD
A18: 🏆 TOTAL COMPLETED | E18: 📈 AVG COMPLETION | I18: ⭐ PERFECT HABITS
A19: =SUM(AG5:AG14) -> 0 | E19: =IFERROR(AVERAGE(AI5:AI14),0) -> 0 | I19: =COUNTIF(AI5:AI14,">=1") -> 0

Sheet June
A1: ="🎯 HABIT TRACKER - JUNE "&Dashboard!B1 -> 🎯 HABIT TRACKER - JUNE
A2: Track your daily habits and build a better you! ✨
A4: HABIT | B4: 1 | C4: 2 | D4: 3 | E4: 4 | F4: 5 | G4: 6 | H4: 7 | I4: 8 | J4: 9 | K4: 10 | L4: 11 | M4: 12 | N4: 13 | O4: 14 | P4: 15 | Q4: 16 | R4: 17 | S4: 18 | T4: 19 | U4: 20 | V4: 21 | W4: 22 | X4: 23 | Y4: 24 | Z4: 25 | AA4: 26 | AB4: 27 | AC4: 28 | AD4: 29 | AE4: 30 | AF4: DONE | AG4: GOAL | AH4: PROGRESS
A5: =January!A5 -> 💧 Drink 8 Glasses Water | AF5: =COUNTIF(B5:AE5,"✓") -> 0 | AG5: 30 | AH5: =IF(AG5=0,0,AF5/AG5) -> 0
A6: =January!A6 -> 🏃 Exercise 30 Minutes | AF6: =COUNTIF(B6:AE6,"✓") -> 0 | AG6: 21 | AH6: =IF(AG6=0,0,AF6/AG6) -> 0
A7: =January!A7 -> 📚 Read 3 Pages | AF7: =COUNTIF(B7:AE7,"✓") -> 0 | AG7: 30 | AH7: =IF(AG7=0,0,AF7/AG7) -> 0
A8: =January!A8 -> 🧘 Meditate 10 Minutes | AF8: =COUNTIF(B8:AE8,"✓") -> 0 | AG8: 30 | AH8: =IF(AG8=0,0,AF8/AG8) -> 0
A9: =January!A9 -> 😴 Sleep Before 11 PM | AF9: =COUNTIF(B9:AE9,"✓") -> 0 | AG9: 30 | AH9: =IF(AG9=0,0,AF9/AG9) -> 0
A10: =January!A10 -> 🥗 Eat Healthy Meals | AF10: =COUNTIF(B10:AE10,"✓") -> 0 | AG10: 25 | AH10: =IF(AG10=0,0,AF10/AG10) -> 0
A11: =January!A11 -> 📝 Daily Journaling | AF11: =COUNTIF(B11:AE11,"✓") -> 0 | AG11: 21 | AH11: =IF(AG11=0,0,AF11/AG11) -> 0
A12: =January!A12 -> 🚫 Reduce Social Media | AF12: =COUNTIF(B12:AE12,"✓") -> 0 | AG12: 30 | AH12: =IF(AG12=0,0,AF12/AG12) -> 0
A13: =January!A13 -> 💪 Workout Routine | AF13: =COUNTIF(B13:AE13,"✓") -> 0 | AG13: 15 | AH13: =IF(AG13=0,0,AF13/AG13) -> 0
A14: =January!A14 -> 🎨 Creative Activity | AF14: =COUNTIF(B14:AE14,"✓") -> 0 | AG14: 13 | AH14: =IF(AG14=0,0,AF14/AG14) -> 0
A16: 📊 MONTHLY DASHBOARD
A18: 🏆 TOTAL COMPLETED | E18: 📈 AVG COMPLETION | I18: ⭐ PERFECT HABITS
A19: =SUM(AF5:AF14) -> 0 | E19: =IFERROR(AVERAGE(AH5:AH14),0) -> 0 | I19: =COUNTIF(AH5:AH14,">=1") -> 0

Sheet July
A1: ="🎯 HABIT TRACKER - JULY "&Dashboard!B1 -> 🎯 HABIT TRACKER - JULY
A2: Track your daily habits and build a better you! ✨
A4: HABIT | B4: 1 | C4: 2 | D4: 3 | E4: 4 | F4: 5 | G4: 6 | H4: 7 | I4: 8 | J4: 9 | K4: 10 | L4: 11 | M4: 12 | N4: 13 | O4: 14 | P4: 15 | Q4: 16 | R4: 17 | S4: 18 | T4: 19 | U4: 20 | V4: 21 | W4: 22 | X4: 23 | Y4: 24 | Z4: 25 | AA4: 26 | AB4: 27 | AC4: 28 | AD4: 29 | AE4: 30 | AF4: 31 | AG4: DONE | AH4: GOAL | AI4: PROGRESS
A5: =January!A5 -> 💧 Drink 8 Glasses Water | AG5: =COUNTIF(B5:AF5,"✓") -> 0 | AH5: 31 | AI5: =IF(AH5=0,0,AG5/AH5) -> 0
A6: =January!A6 -> 🏃 Exercise 30 Minutes | AG6: =COUNTIF(B6:AF6,"✓") -> 0 | AH6: 22 | AI6: =IF(AH6=0,0,AG6/AH6) -> 0
A7: =January!A7 -> 📚 Read 3 Pages | AG7: =COUNTIF(B7:AF7,"✓") -> 0 | AH7: 31 | AI7: =IF(AH7=0,0,AG7/AH7) -> 0
A8: =January!A8 -> 🧘 Meditate 10 Minutes | AG8: =COUNTIF(B8:AF8,"✓") -> 0 | AH8: 31 | AI8: =IF(AH8=0,0,AG8/AH8) -> 0
A9: =January!A9 -> 😴 Sleep Before 11 PM | AG9: =COUNTIF(B9:AF9,"✓") -> 0 | AH9: 31 | AI9: =IF(AH9=0,0,AG9/AH9) -> 0
A10: =January!A10 -> 🥗 Eat Healthy Meals | AG10: =COUNTIF(B10:AF10,"✓") -> 0 | AH10: 26 | AI10: =IF(AH10=0,0,AG10/AH10) -> 0
A11: =January!A11 -> 📝 Daily Journaling | AG11: =COUNTIF(B11:AF11,"✓") -> 0 | AH11: 22 | AI11: =IF(AH11=0,0,AG11/AH11) -> 0
A12: =January!A12 -> 🚫 Reduce Social Media | AG12: =COUNTIF(B12:AF12,"✓") -> 0 | AH12: 31 | AI12: =IF(AH12=0,0,AG12/AH12) -> 0
A13: =January!A13 -> 💪 Workout Routine | AG13: =COUNTIF(B13:AF13,"✓") -> 0 | AH13: 16 | AI13: =IF(AH13=0,0,AG13/AH13) -> 0
A14: =January!A14 -> 🎨 Creative Activity | AG14: =COUNTIF(B14:AF14,"✓") -> 0 | AH14: 13 | AI14: =IF(AH14=0,0,AG14/AH14) -> 0
A16: 📊 MONTHLY DASHBOARD
A18: 🏆 TOTAL COMPLETED | E18: 📈 AVG COMPLETION | I18: ⭐ PERFECT HABITS
A19: =SUM(AG5:AG14) -> 0 | E19: =IFERROR(AVERAGE(AI5:AI14),0) -> 0 | I19: =COUNTIF(AI5:AI14,">=1") -> 0

Sheet August
A1: ="🎯 HABIT TRACKER - AUGUST "&Dashboard!B1 -> 🎯 HABIT TRACKER - AUGUST
A2: Track your daily habits and build a better you! ✨
A4: HABIT | B4: 1 | C4: 2 | D4: 3 | E4: 4 | F4: 5 | G4: 6 | H4: 7 | I4: 8 | J4: 9 | K4: 10 | L4: 11 | M4: 12 | N4: 13 | O4: 14 | P4: 15 | Q4: 16 | R4: 17 | S4: 18 | T4: 19 | U4: 20 | V4: 21 | W4: 22 | X4: 23 | Y4: 24 | Z4: 25 | AA4: 26 | AB4: 27 | AC4: 28 | AD4: 29 | AE4: 30 | AF4: 31 | AG4: DONE | AH4: GOAL | AI4: PROGRESS
A5: =January!A5 -> 💧 Drink 8 Glasses Water | AG5: =COUNTIF(B5:AF5,"✓") -> 0 | AH5: 31 | AI5: =IF(AH5=0,0,AG5/AH5) -> 0
A6: =January!A6 -> 🏃 Exercise 30 Minutes | AG6: =COUNTIF(B6:AF6,"✓") -> 0 | AH6: 22 | AI6: =IF(AH6=0,0,AG6/AH6) -> 0
A7: =January!A7 -> 📚 Read 3 Pages | AG7: =COUNTIF(B7:AF7,"✓") -> 0 | AH7: 31 | AI7: =IF(AH7=0,0,AG7/AH7) -> 0
A8: =January!A8 -> 🧘 Meditate 10 Minutes | AG8: =COUNTIF(B8:AF8,"✓") -> 0 | AH8: 31 | AI8: =IF(AH8=0,0,AG8/AH8) -> 0
A9: =January!A9 -> 😴 Sleep Before 11 PM | AG9: =COUNTIF(B9:AF9,"✓") -> 0 | AH9: 31 | AI9: =IF(AH9=0,0,AG9/AH9) -> 0
A10: =January!A10 -> 🥗 Eat Healthy Meals | AG10: =COUNTIF(B10:AF10,"✓") -> 0 | AH10: 26 | AI10: =IF(AH10=0,0,AG10/AH10) -> 0
A11: =January!A11 -> 📝 Daily Journaling | AG11: =COUNTIF(B11:AF11,"✓") -> 0 | AH11: 22 | AI11: =IF(AH11=0,0,AG11/AH11) -> 0
A12: =January!A12 -> 🚫 Reduce Social Media | AG12: =COUNTIF(B12:AF12,"✓") -> 0 | AH12: 31 | AI12: =IF(AH12=0,0,AG12/AH12) -> 0
A13: =January!A13 -> 💪 Workout Routine | AG13: =COUNTIF(B13:AF13,"✓") -> 0 | AH13: 16 | AI13: =IF(AH13=0,0,AG13/AH13) -> 0
A14: =January!A14 -> 🎨 Creative Activity | AG14: =COUNTIF(B14:AF14,"✓") -> 0 | AH14: 13 | AI14: =IF(AH14=0,0,AG14/AH14) -> 0
A16: 📊 MONTHLY DASHBOARD
A18: 🏆 TOTAL COMPLETED | E18: 📈 AVG COMPLETION | I18: ⭐ PERFECT HABITS
A19: =SUM(AG5:AG14) -> 0 | E19: =IFERROR(AVERAGE(AI5:AI14),0) -> 0 | I19: =COUNTIF(AI5:AI14,">=1") -> 0

Sheet September
A1: ="🎯 HABIT TRACKER - SEPTEMBER "&Dashboard!B1 -> 🎯 HABIT TRACKER - SEPTEMBER
A2: Track your daily habits and build a better you! ✨
A4: HABIT | B4: 1 | C4: 2 | D4: 3 | E4: 4 | F4: 5 | G4: 6 | H4: 7 | I4: 8 | J4: 9 | K4: 10 | L4: 11 | M4: 12 | N4: 13 | O4: 14 | P4: 15 | Q4: 16 | R4: 17 | S4: 18 | T4: 19 | U4: 20 | V4: 21 | W4: 22 | X4: 23 | Y4: 24 | Z4: 25 | AA4: 26 | AB4: 27 | AC4: 28 | AD4: 29 | AE4: 30 | AF4: DONE | AG4: GOAL | AH4: PROGRESS
A5: =January!A5 -> 💧 Drink 8 Glasses Water | AF5: =COUNTIF(B5:AE5,"✓") -> 0 | AG5: 30 | AH5: =IF(AG5=0,0,AF5/AG5) -> 0
A6: =January!A6 -> 🏃 Exercise 30 Minutes | AF6: =COUNTIF(B6:AE6,"✓") -> 0 | AG6: 21 | AH6: =IF(AG6=0,0,AF6/AG6) -> 0
A7: =January!A7 -> 📚 Read 3 Pages | AF7: =COUNTIF(B7:AE7,"✓") -> 0 | AG7: 30 | AH7: =IF(AG7=0,0,AF7/AG7) -> 0
A8: =January!A8 -> 🧘 Meditate 10 Minutes | AF8: =COUNTIF(B8:AE8,"✓") -> 0 | AG8: 30 | AH8: =IF(AG8=0,0,AF8/AG8) -> 0
A9: =January!A9 -> 😴 Sleep Before 11 PM | AF9: =COUNTIF(B9:AE9,"✓") -> 0 | AG9: 30 | AH9: =IF(AG9=0,0,AF9/AG9) -> 0
A10: =January!A10 -> 🥗 Eat Healthy Meals | AF10: =COUNTIF(B10:AE10,"✓") -> 0 | AG10: 25 | AH10: =IF(AG10=0,0,AF10/AG10) -> 0
A11: =January!A11 -> 📝 Daily Journaling | AF11: =COUNTIF(B11:AE11,"✓") -> 0 | AG11: 21 | AH11: =IF(AG11=0,0,AF11/AG11) -> 0
A12: =January!A12 -> 🚫 Reduce Social Media | AF12: =COUNTIF(B12:AE12,"✓") -> 0 | AG12: 30 | AH12: =IF(AG12=0,0,AF12/AG12) -> 0
A13: =January!A13 -> 💪 Workout Routine | AF13: =COUNTIF(B13:AE13,"✓") -> 0 | AG13: 15 | AH13: =IF(AG13=0,0,AF13/AG13) -> 0
A14: =January!A14 -> 🎨 Creative Activity | AF14: =COUNTIF(B14:AE14,"✓") -> 0 | AG14: 13 | AH14: =IF(AG14=0,0,AF14/AG14) -> 0
A16: 📊 MONTHLY DASHBOARD
A18: 🏆 TOTAL COMPLETED | E18: 📈 AVG COMPLETION | I18: ⭐ PERFECT HABITS
A19: =SUM(AF5:AF14) -> 0 | E19: =IFERROR(AVERAGE(AH5:AH14),0) -> 0 | I19: =COUNTIF(AH5:AH14,">=1") -> 0

Sheet October
A1: ="🎯 HABIT TRACKER - OCTOBER "&Dashboard!B1 -> 🎯 HABIT TRACKER - OCTOBER
A2: Track your daily habits and build a better you! ✨
A4: HABIT | B4: 1 | C4: 2 | D4: 3 | E4: 4 | F4: 5 | G4: 6 | H4: 7 | I4: 8 | J4: 9 | K4: 10 | L4: 11 | M4: 12 | N4: 13 | O4: 14 | P4: 15 | Q4: 16 | R4: 17 | S4: 18 | T4: 19 | U4: 20 | V4: 21 | W4: 22 | X4: 23 | Y4: 24 | Z4: 25 | AA4: 26 | AB4: 27 | AC4: 28 | AD4: 29 | AE4: 30 | AF4: 31 | AG4: DONE | AH4: GOAL | AI4: PROGRESS
A5: =January!A5 -> 💧 Drink 8 Glasses Water | AG5: =COUNTIF(B5:AF5,"✓") -> 0 | AH5: 31 | AI5: =IF(AH5=0,0,AG5/AH5) -> 0
A6: =January!A6 -> 🏃 Exercise 30 Minutes | AG6: =COUNTIF(B6:AF6,"✓") -> 0 | AH6: 22 | AI6: =IF(AH6=0,0,AG6/AH6) -> 0
A7: =January!A7 -> 📚 Read 3 Pages | AG7: =COUNTIF(B7:AF7,"✓") -> 0 | AH7: 31 | AI7: =IF(AH7=0,0,AG7/AH7) -> 0
A8: =January!A8 -> 🧘 Meditate 10 Minutes | AG8: =COUNTIF(B8:AF8,"✓") -> 0 | AH8: 31 | AI8: =IF(AH8=0,0,AG8/AH8) -> 0
A9: =January!A9 -> 😴 Sleep Before 11 PM | AG9: =COUNTIF(B9:AF9,"✓") -> 0 | AH9: 31 | AI9: =IF(AH9=0,0,AG9/AH9) -> 0
A10: =January!A10 -> 🥗 Eat Healthy Meals | AG10: =COUNTIF(B10:AF10,"✓") -> 0 | AH10: 26 | AI10: =IF(AH10=0,0,AG10/AH10) -> 0
A11: =January!A11 -> 📝 Daily Journaling | AG11: =COUNTIF(B11:AF11,"✓") -> 0 | AH11: 22 | AI11: =IF(AH11=0,0,AG11/AH11) -> 0
A12: =January!A12 -> 🚫 Reduce Social Media | AG12: =COUNTIF(B12:AF12,"✓") -> 0 | AH12: 31 | AI12: =IF(AH12=0,0,AG12/AH12) -> 0
A13: =January!A13 -> 💪 Workout Routine | AG13: =COUNTIF(B13:AF13,"✓") -> 0 | AH13: 16 | AI13: =IF(AH13=0,0,AG13/AH13) -> 0
A14: =January!A14 -> 🎨 Creative Activity | AG14: =COUNTIF(B14:AF14,"✓") -> 0 | AH14: 13 | AI14: =IF(AH14=0,0,AG14/AH14) -> 0
A16: 📊 MONTHLY DASHBOARD
A18: 🏆 TOTAL COMPLETED | E18: 📈 AVG COMPLETION | I18: ⭐ PERFECT HABITS
A19: =SUM(AG5:AG14) -> 0 | E19: =IFERROR(AVERAGE(AI5:AI14),0) -> 0 | I19: =COUNTIF(AI5:AI14,">=1") -> 0

Sheet November
A1: ="🎯 HABIT TRACKER - NOVEMBER "&Dashboard!B1 -> 🎯 HABIT TRACKER - NOVEMBER
A2: Track your daily habits and build a better you! ✨
A4: HABIT | B4: 1 | C4: 2 | D4: 3 | E4: 4 | F4: 5 | G4: 6 | H4: 7 | I4: 8 | J4: 9 | K4: 10 | L4: 11 | M4: 12 | N4: 13 | O4: 14 | P4: 15 | Q4: 16 | R4: 17 | S4: 18 | T4: 19 | U4: 20 | V4: 21 | W4: 22 | X4: 23 | Y4: 24 | Z4: 25 | AA4: 26 | AB4: 27 | AC4: 28 | AD4: 29 | AE4: 30 | AF4: DONE | AG4: GOAL | AH4: PROGRESS
A5: =January!A5 -> 💧 Drink 8 Glasses Water | AF5: =COUNTIF(B5:AE5,"✓") -> 0 | AG5: 30 | AH5: =IF(AG5=0,0,AF5/AG5) -> 0
A6: =January!A6 -> 🏃 Exercise 30 Minutes | AF6: =COUNTIF(B6:AE6,"✓") -> 0 | AG6: 21 | AH6: =IF(AG6=0,0,AF6/AG6) -> 0
A7: =January!A7 -> 📚 Read 3 Pages | AF7: =COUNTIF(B7:AE7,"✓") -> 0 | AG7: 30 | AH7: =IF(AG7=0,0,AF7/AG7) -> 0
A8: =January!A8 -> 🧘 Meditate 10 Minutes | AF8: =COUNTIF(B8:AE8,"✓") -> 0 | AG8: 30 | AH8: =IF(AG8=0,0,AF8/AG8) -> 0
A9: =January!A9 -> 😴 Sleep Before 11 PM | AF9: =COUNTIF(B9:AE9,"✓") -> 0 | AG9: 30 | AH9: =IF(AG9=0,0,AF9/AG9) -> 0
A10: =January!A10 -> 🥗 Eat Healthy Meals | AF10: =COUNTIF(B10:AE10,"✓") -> 0 | AG10: 25 | AH10: =IF(AG10=0,0,AF10/AG10) -> 0
A11: =January!A11 -> 📝 Daily Journaling | AF11: =COUNTIF(B11:AE11,"✓") -> 0 | AG11: 21 | AH11: =IF(AG11=0,0,AF11/AG11) -> 0
A12: =January!A12 -> 🚫 Reduce Social Media | AF12: =COUNTIF(B12:AE12,"✓") -> 0 | AG12: 30 | AH12: =IF(AG12=0,0,AF12/AG12) -> 0
A13: =January!A13 -> 💪 Workout Routine | AF13: =COUNTIF(B13:AE13,"✓") -> 0 | AG13: 15 | AH13: =IF(AG13=0,0,AF13/AG13) -> 0
A14: =January!A14 -> 🎨 Creative Activity | AF14: =COUNTIF(B14:AE14,"✓") -> 0 | AG14: 13 | AH14: =IF(AG14=0,0,AF14/AG14) -> 0
A16: 📊 MONTHLY DASHBOARD
A18: 🏆 TOTAL COMPLETED | E18: 📈 AVG COMPLETION | I18: ⭐ PERFECT HABITS
A19: =SUM(AF5:AF14) -> 0 | E19: =IFERROR(AVERAGE(AH5:AH14),0) -> 0 | I19: =COUNTIF(AH5:AH14,">=1") -> 0

Sheet December
A1: ="🎯 HABIT TRACKER - DECEMBER "&Dashboard!B1 -> 🎯 HABIT TRACKER - DECEMBER
A2: Track your daily habits and build a better you! ✨
A4: HABIT | B4: 1 | C4: 2 | D4: 3 | E4: 4 | F4: 5 | G4: 6 | H4: 7 | I4: 8 | J4: 9 | K4: 10 | L4: 11 | M4: 12 | N4: 13 | O4: 14 | P4: 15 | Q4: 16 | R4: 17 | S4: 18 | T4: 19 | U4: 20 | V4: 21 | W4: 22 | X4: 23 | Y4: 24 | Z4: 25 | AA4: 26 | AB4: 27 | AC4: 28 | AD4: 29 | AE4: 30 | AF4: 31 | AG4: DONE | AH4: GOAL | AI4: PROGRESS
A5: =January!A5 -> 💧 Drink 8 Glasses Water | AG5: =COUNTIF(B5:AF5,"✓") -> 0 | AH5: 31 | AI5: =IF(AH5=0,0,AG5/AH5) -> 0
A6: =January!A6 -> 🏃 Exercise 30 Minutes | AG6: =COUNTIF(B6:AF6,"✓") -> 0 | AH6: 22 | AI6: =IF(AH6=0,0,AG6/AH6) -> 0
A7: =January!A7 -> 📚 Read 3 Pages | AG7: =COUNTIF(B7:AF7,"✓") -> 0 | AH7: 31 | AI7: =IF(AH7=0,0,AG7/AH7) -> 0
A8: =January!A8 -> 🧘 Meditate 10 Minutes | AG8: =COUNTIF(B8:AF8,"✓") -> 0 | AH8: 31 | AI8: =IF(AH8=0,0,AG8/AH8) -> 0
A9: =January!A9 -> 😴 Sleep Before 11 PM | AG9: =COUNTIF(B9:AF9,"✓") -> 0 | AH9: 31 | AI9: =IF(AH9=0,0,AG9/AH9) -> 0
A10: =January!A10 -> 🥗 Eat Healthy Meals | AG10: =COUNTIF(B10:AF10,"✓") -> 0 | AH10: 26 | AI10: =IF(AH10=0,0,AG10/AH10) -> 0
A11: =January!A11 -> 📝 Daily Journaling | AG11: =COUNTIF(B11:AF11,"✓") -> 0 | AH11: 22 | AI11: =IF(AH11=0,0,AG11/AH11) -> 0
A12: =January!A12 -> 🚫 Reduce Social Media | AG12: =COUNTIF(B12:AF12,"✓") -> 0 | AH12: 31 | AI12: =IF(AH12=0,0,AG12/AH12) -> 0
A13: =January!A13 -> 💪 Workout Routine | AG13: =COUNTIF(B13:AF13,"✓") -> 0 | AH13: 16 | AI13: =IF(AH13=0,0,AG13/AH13) -> 0
A14: =January!A14 -> 🎨 Creative Activity | AG14: =COUNTIF(B14:AF14,"✓") -> 0 | AH14: 13 | AI14: =IF(AH14=0,0,AG14/AH14) -> 0
A16: 📊 MONTHLY DASHBOARD
A18: 🏆 TOTAL COMPLETED | E18: 📈 AVG COMPLETION | I18: ⭐ PERFECT HABITS
A19: =SUM(AG5:AG14) -> 0 | E19: =IFERROR(AVERAGE(AI5:AI14),0) -> 0 | I19: =COUNTIF(AI5:AI14,">=1") -> 0
